playerID,yearID,stint,teamID,lgID,W,L,G,GS,CG,SHO,SV,IPouts,H,ER,HR,BB,SO,BAOpp,ERA,IBB,WP,HBP,BK,BFP,GF,R,SH,SF,GIDP
bechtge01,1871,1,PH1,NA,1,2,3,3,2,0,0,78,43,23,0,11,1,,7.96,,,,0,,,42,,,
brainas01,1871,1,WS3,NA,12,15,30,30,30,0,0,792,361,132,4,37,13,,4.5,,,,0,,,292,,,
fergubo01,1871,1,NY2,NA,0,0,1,0,0,0,0,3,8,3,0,0,0,,27,,,,0,,,9,,,
fishech01,1871,1,RC1,NA,4,16,24,24,22,1,0,639,295,103,3,31,15,,4.35,,,,0,,,257,,,
fleetfr01,1871,1,NY2,NA,0,1,1,1,1,0,0,27,20,10,0,3,0,,10,,,,0,,,21,,,
flowedi01,1871,1,TRO,NA,0,0,1,0,0,0,0,3,1,0,0,0,0,,0,,,,0,,,0,,,
mackde01,1871,1,RC1,NA,0,1,3,1,1,0,0,39,20,5,0,3,1,,3.46,,,,0,,,30,,,
mathebo01,1871,1,FW1,NA,6,11,19,19,19,1,0,507,261,97,5,21,17,,5.17,,,,2,,,243,,,
mcbridi01,1871,1,PH1,NA,18,5,25,25,25,0,0,666,285,113,3,40,15,,4.58,,,,0,,,223,,,
mcmuljo01,1871,1,TRO,NA,12,15,29,29,28,0,0,747,430,153,4,75,12,,5.53,,,,0,,,362,,,
meyerle01,1871,1,PH1,NA,0,0,1,0,0,0,0,3,1,1,0,2,0,,9,,,,0,,,1,,,
paborch01,1871,1,CL1,NA,0,2,7,1,1,0,0,88,50,22,4,6,0,,6.75,,,,0,,,53,,,
pinkhed01,1871,1,CH1,NA,1,0,3,0,0,0,1,31,10,4,0,3,0,,3.48,,,,0,,,8,,,
prattal01,1871,1,CL1,NA,10,17,28,28,22,0,0,674,296,94,9,47,34,,3.77,,,,0,,,288,,,
spaldal01,1871,1,BS1,NA,19,10,31,31,22,1,0,772,333,96,2,38,23,,3.36,,,,0,,,272,,,
stearbi01,1871,1,WS3,NA,2,0,2,2,2,0,0,54,10,5,0,8,0,,2.5,,,,0,,,11,,,
woltery01,1871,1,NY2,NA,16,16,32,32,31,1,0,849,345,108,7,39,22,,3.43,,,,0,,,283,,,
wrighha01,1871,1,BS1,NA,1,0,9,0,0,0,3,56,34,13,0,4,0,,6.27,,,,0,,,31,,,
zettlge01,1871,1,CH1,NA,18,9,28,28,25,0,0,722,298,73,6,25,22,,2.73,,,,0,,,233,,,
bentlcy01,1872,1,MID,NA,2,15,18,17,16,0,0,462,273,105,4,12,5,,6.14,,,,0,,,252,,,
brainas01,1872,1,WS3,NA,2,7,9,9,9,0,0,237,147,56,0,5,1,,6.38,,,,0,,,140,,,
brainas01,1872,2,MID,NA,0,2,2,2,1,0,0,24,14,7,1,0,0,,7.88,,,,0,,,17,,,
brittji01,1872,1,BR2,NA,9,28,37,37,37,0,0,1008,561,189,6,19,13,,5.06,,,,1,,,473,,,
buttefr01,1872,1,MID,NA,3,2,6,5,5,0,0,147,81,28,0,1,0,,5.14,,,,0,,,78,,,
cummica01,1872,1,NY2,NA,33,20,55,55,53,3,0,1491,600,139,2,30,43,,2.52,,,,0,,,347,,,
fishech01,1872,1,BL1,NA,10,1,19,11,9,1,1,331,89,31,0,11,20,,2.53,,,,0,,,78,,,
malonma01,1872,1,BR1,NA,0,3,3,3,3,0,0,81,98,34,1,0,0,,11.33,,,,0,,,86,,,
martiph01,1872,2,BR1,NA,2,7,10,9,9,0,0,255,142,42,1,4,2,,4.45,,,,0,,,106,,,
martiph01,1872,1,TRO,NA,1,2,8,3,0,0,0,112,73,24,0,2,1,,5.79,,,,0,,,59,,,
mathebo01,1872,1,BL1,NA,25,18,49,47,39,0,0,1216,477,142,3,52,55,,3.15,,,,0,,,356,,,
mcbridi01,1872,1,PH1,NA,30,14,47,47,47,1,0,1257,513,140,3,26,44,,3.01,,,,0,,,349,,,
mcderjo01,1872,1,BR1,NA,0,7,7,7,7,0,0,189,142,58,3,12,1,,8.29,,,,0,,,144,,,
mcmuljo01,1872,1,NY2,NA,1,0,3,1,1,0,0,45,18,6,0,2,1,,3.6,,,,0,,,15,,,
orour01,1872,1,BR1,NA,0,1,1,1,1,0,0,27,16,6,0,2,0,,6,,,,0,,,15,,,
paborch01,1872,1,CL1,NA,1,1,2,2,2,0,0,54,20,6,0,3,0,,3,,,,0,,,15,,,
prattal01,1872,1,CL1,NA,2,9,15,12,8,0,0,314,150,51,3,14,7,,4.39,,,,0,,,133,,,
spaldal01,1872,1,BS1,NA,38,8,48,48,41,3,0,1214,412,89,0,27,27,,1.98,,,,1,,,224,,,
stearbi01,1872,1,WS4,NA,0,11,11,11,11,0,0,297,194,76,2,3,2,,6.91,,,,0,,,190,,,
woltery01,1872,1,CL1,NA,3,6,12,8,5,0,0,229,119,44,3,7,4,,5.19,,,,0,,,106,,,
wrighha01,1872,1,BS1,NA,1,0,7,0,0,0,1,77,26,6,0,0,1,,2.1,,,,0,,,12,,,
zettlge01,1872,1,TRO,NA,14,8,25,22,17,2,0,563,209,53,2,8,17,,2.54,,,,0,,,132,,,
zettlge01,1872,2,BR1,NA,1,8,9,9,8,0,0,226,105,25,1,6,8,,2.99,,,,0,,,62,,,
bechtge01,1873,1,PH2,NA,0,2,3,2,1,0,0,48,27,8,0,2,0,,4.5,,,,0,,,24,,,
brainas01,1873,1,BL1,NA,5,7,14,14,12,0,0,326,182,50,0,9,3,,4.14,,,,0,,,139,,,
brittji01,1873,1,BR2,NA,17,36,54,54,51,1,0,1442,696,208,6,40,15,,3.89,,,,0,,,519,,,
campbhu01,1873,1,ELI,NA,2,16,19,18,18,0,0,495,250,52,7,7,5,,2.84,,,,0,,,213,,,
cummica01,1873,1,BL1,NA,28,14,42,42,42,1,0,1146,475,113,4,33,31,,2.66,,,,0,,,292,,,
fergubo01,1873,1,BR2,NA,0,1,4,1,1,0,0,58,41,13,2,2,0,,6.05,,,,0,,,30,,,
fishech01,1873,1,PH1,NA,3,4,13,5,5,0,1,253,90,17,1,10,14,,1.81,,,,0,,,73,,,
fleetfr01,1873,1,ELI,NA,0,3,3,3,2,0,0,72,57,15,0,0,1,,5.63,,,,0,,,47,,,
forceda01,1873,1,BL1,NA,1,1,3,1,1,0,0,54,23,7,0,0,0,,3.5,,,,0,,,20,,,
frencbi01,1873,1,BL4,NA,0,1,1,1,1,0,0,27,30,12,1,0,0,,12,,,,0,,,27,,,
fulmech01,1873,1,PH2,NA,0,0,2,0,0,0,0,15,7,2,0,1,0,,3.6,,,,0,,,4,,,
greasjo01,1873,1,WS5,NA,1,6,7,7,7,0,0,189,112,38,3,7,3,,5.43,,,,0,,,90,,,
lovetle01,1873,1,ELI,NA,0,1,1,1,1,0,0,27,22,7,0,1,1,,7,,,,0,,,16,,,
martiph01,1873,1,NY2,NA,0,1,6,1,1,0,0,102,50,13,0,7,1,,3.44,,,,0,,,37,,,
mathebo01,1873,1,NY2,NA,29,23,52,52,47,2,0,1329,489,126,5,62,75,,2.56,,,,0,,,348,,,
mcbridi01,1873,1,PH1,NA,24,19,46,46,38,3,0,1148,453,141,3,47,25,,3.32,,,,0,,,325,,,
mcdoo01,1873,1,BL4,NA,0,1,1,1,1,0,0,27,18,3,0,0,0,,3,,,,0,,,24,,,
mcmuljo01,1873,1,PH1,NA,1,0,1,1,1,0,0,24,10,2,0,1,2,,2.25,,,,0,,,5,,,
selmafr01,1873,1,BL4,NA,0,1,1,1,1,0,0,27,21,8,0,0,0,,8,,,,0,,,26,,,
spaldal01,1873,1,BS1,NA,41,14,60,55,48,1,2,1493,643,136,5,28,31,,2.46,,,,0,,,414,,,
stearbi01,1873,1,WS5,NA,7,25,32,32,32,0,0,849,481,143,8,15,4,,4.55,,,,0,,,395,,,
strated01,1873,1,BL4,NA,0,3,3,3,3,0,0,81,75,25,3,0,0,,8.33,,,,0,,,75,,,
woltery01,1873,1,ELI,NA,0,1,1,1,1,0,0,27,13,0,0,1,1,,0,,,,0,,,23,,,
wrighha01,1873,1,BS1,NA,2,2,12,5,0,0,1,115,65,18,0,7,0,,4.23,,,,1,,,46,,,
zettlge01,1873,1,PH2,NA,36,15,51,51,49,0,0,1380,593,138,3,41,28,,2.7,,,,0,,,368,,,
bechtge01,1874,1,PH2,NA,1,3,6,4,4,0,0,126,64,18,0,0,13,,3.86,,,,0,,,42,,,
bondto01,1874,1,BR2,NA,22,32,55,55,55,1,0,1491,609,176,16,10,11,,3.19,,,,0,,,440,,,
brainas01,1874,1,BL1,NA,5,22,29,27,25,0,0,717,403,131,1,27,16,,4.93,,,,0,,,329,,,
collida01,1874,1,CH2,NA,1,1,2,2,1,0,0,33,21,7,0,2,18,,5.73,,,,0,,,17,,,
cummica01,1874,1,PH2,NA,28,26,54,54,52,3,0,1446,602,154,4,21,11,,2.88,,,,0,,,386,,,
fergubo01,1874,1,BR2,NA,0,1,1,1,1,0,0,27,12,4,0,3,15,,4,,,,0,,,10,,,
fishech01,1874,1,HR1,NA,14,23,39,35,31,0,0,951,405,107,1,10,11,,3.04,,,,0,,,277,,,
forceda01,1874,1,CH2,NA,0,0,1,0,0,0,0,21,22,19,4,0,0,,24.43,,,,0,,,24,,,
hatfijo01,1874,1,NY2,NA,0,1,3,0,0,0,0,24,11,2,0,1,13,,2.25,,,,0,,,6,,,
mannija01,1874,1,BL1,NA,4,16,22,20,18,0,0,539,231,68,3,10,12,,3.41,,,,0,,,168,,,
mathebo01,1874,1,NY2,NA,42,22,65,65,62,4,0,1734,647,148,3,39,10,,2.3,,,,0,,,371,,,
mcbridi01,1874,1,PH1,NA,33,22,55,55,55,0,0,1461,514,138,5,29,10,,2.55,,,,0,,,344,,,
ryanjo01,1874,1,BL1,NA,0,0,1,0,0,0,0,10,13,3,0,0,0,,8.1,,,,0,,,8,,,
spaldal01,1874,1,BS1,NA,52,16,71,69,65,4,0,1849,753,161,1,23,11,,2.35,,,,0,,,402,,,
stearbi01,1874,1,HR1,NA,2,14,22,18,14,0,1,492,255,82,1,13,14,,4.5,,,,0,,,194,,,
wrighha01,1874,1,BS1,NA,0,2,6,2,0,0,3,50,24,5,0,4,15,,2.7,,,,0,,,13,,,
zettlge01,1874,1,CH2,NA,27,30,57,57,57,3,0,1547,653,176,3,46,12,,3.07,,,,0,,,439,,,
arundha01,1875,1,BR2,NA,0,1,1,1,0,0,0,7,6,3,0,0,0,,11.57,,,,0,,,6,,,
bechtge01,1875,2,PH1,NA,3,1,4,4,4,0,0,108,45,9,0,3,12,,2.25,,,,0,,,19,,,
bechtge01,1875,1,PH3,NA,2,12,14,14,14,0,0,378,170,55,0,3,12,,3.93,,,,0,,,138,,,
blongjo01,1875,1,SL1,NA,3,12,15,15,12,1,0,387,169,48,0,2,11,,3.35,,,,1,,,121,,,
bondto01,1875,1,HR1,NA,19,16,40,39,37,6,0,1056,301,61,3,10,8,,1.56,,,,0,,,152,,,
bordejo01,1875,1,PH2,NA,2,4,7,7,7,2,0,198,47,12,0,7,7,,1.64,,,,0,,,30,,,
boydbi01,1875,1,BR2,NA,0,0,1,0,0,0,0,5,4,0,0,0,0,,0,,,,0,,,3,,,
bradlge01,1875,1,SL2,NA,33,26,60,60,57,4,0,1607,538,122,3,16,9,,2.05,,,,0,,,304,,,
cassijo01,1875,1,BR2,NA,1,20,30,22,18,0,0,644,278,95,6,12,12,,3.98,,,,0,,,242,,,
clintji01,1875,1,BR2,NA,1,14,17,14,9,0,0,369,146,44,0,8,11,,3.22,,,,0,,,104,,,
cummica01,1875,1,HR1,NA,35,12,48,47,46,7,0,1251,396,74,0,6,8,,1.6,,,,0,,,184,,,
devliji01,1875,1,CH2,NA,7,16,28,24,24,0,0,672,254,72,0,11,10,,2.89,,,,0,,,179,,,
edwar01,1875,1,BR2,NA,0,1,1,1,0,0,0,6,4,2,0,0,0,,9,,,,0,,,6,,,
fergubo01,1875,1,HR1,NA,0,0,1,0,0,0,0,6,9,4,1,0,0,,18,,,,0,,,7,,,
fishech01,1875,1,PH2,NA,22,19,41,41,36,2,0,1070,345,76,6,9,8,,1.92,,,,0,,,189,,,
fleetfr01,1875,1,SL2,NA,2,1,3,3,3,0,0,81,33,7,0,3,12,,2.33,,,,0,,,17,,,
fleetfr01,1875,2,BR2,NA,0,1,2,1,1,0,0,46,24,8,1,0,14,,4.7,,,,0,,,20,,,
galvipu01,1875,1,SL2,NA,4,2,8,7,7,1,1,186,53,15,0,1,7,,2.18,,,,0,,,37,,,
gedneco01,1875,1,NY2,NA,1,0,2,1,1,0,0,33,7,2,0,1,6,,1.64,,,,0,,,4,,,
goldemi01,1875,1,KEO,NA,1,12,13,13,13,0,0,336,110,35,0,14,10,,2.81,,,,0,,,88,,,
goldemi01,1875,2,CH2,NA,6,7,14,14,12,1,0,357,129,38,0,11,10,,2.87,,,,0,,,95,,,
heifefr01,1875,1,BS1,NA,0,0,2,0,0,0,1,7,6,2,0,0,0,,7.71,,,,0,,,4,,,
knighge01,1875,1,NH1,NA,1,0,1,1,1,0,0,27,12,2,0,0,12,,2,,,,0,,,6,,,
knighlo01,1875,1,PH1,NA,6,5,13,13,12,0,0,321,114,29,0,12,10,,2.44,,,,0,,,73,,,
luffhe01,1875,1,NH1,NA,1,6,10,7,5,0,0,209,100,37,2,3,13,,4.78,,,,2,,,91,,,
mannija01,1875,1,BS1,NA,15,2,27,17,8,1,7,419,153,34,1,14,10,,2.19,,,,0,,,86,,,
masonch01,1875,2,WS6,NA,0,0,1,0,0,0,0,6,3,1,0,1,0,,4.5,,,,0,,,2,,,
mathebo01,1875,1,NY2,NA,29,38,70,70,69,2,0,1880,709,168,3,23,10,,2.41,,,,0,,,421,,,
mcbridi01,1875,1,PH1,NA,44,14,60,60,59,6,0,1614,602,118,4,25,10,,1.97,,,,0,,,297,,,
mcmuljo01,1875,1,PH2,NA,0,0,4,0,0,0,0,38,31,9,0,1,22,,6.39,,,,0,,,23,,,
mcveyca01,1875,1,BS1,NA,1,0,3,2,0,0,1,33,15,4,0,1,13,,3.27,,,,0,,,9,,,
morgapi01,1875,1,SL1,NA,1,3,7,4,4,1,0,126,38,16,0,1,8,,3.43,,,,0,,,40,,,
nichotr01,1875,1,NH1,NA,4,29,34,33,30,0,0,864,319,97,2,10,10,,3.03,,,,1,,,245,,,
oneilj01,1875,1,BR2,NA,0,4,5,4,3,0,0,102,56,18,2,0,14,,4.76,,,,0,,,45,,,
paborch01,1875,1,BR2,NA,0,1,1,1,0,0,0,12,11,4,0,1,0,,9,,,,0,,,12,,,
parksbi01,1875,1,WS6,NA,4,8,14,11,9,0,0,320,146,48,5,6,12,,4.05,,,,0,,,120,,,
parksbi01,1875,2,PH2,NA,0,0,2,0,0,0,0,16,13,4,0,1,0,,6.75,,,,0,,,11,,,
pearcdi01,1875,1,SL2,NA,0,0,2,0,0,0,0,16,10,2,0,0,0,,3.38,,,,0,,,11,,,
ryanjo01,1875,1,NH1,NA,1,5,10,6,4,0,0,178,69,22,1,9,11,,3.34,,,,0,,,55,,,
spaldal01,1875,1,BS1,NA,55,5,72,63,52,7,8,1725,571,97,1,14,9,,1.52,,,,1,,,241,,,
stearbi01,1875,1,WS6,NA,1,14,17,16,14,0,0,423,243,84,1,4,15,,5.36,,,,0,,,211,,,
suttoez01,1875,1,PH1,NA,0,0,2,0,0,0,0,18,14,5,0,0,0,,7.5,,,,0,,,13,,,
weavesa01,1875,1,PH2,NA,1,0,1,1,1,0,0,18,6,1,0,2,12,,1.5,,,,0,,,2,,,
withech01,1875,1,WS6,NA,0,1,1,1,0,0,0,3,4,2,0,0,0,,18,,,,0,,,5,,,
wrighge01,1875,1,BS1,NA,0,1,2,0,0,0,0,12,5,1,0,0,11,,2.25,,,,0,,,3,,,
zettlge01,1875,1,CH2,NA,17,14,31,31,29,6,0,846,269,57,0,6,8,,1.82,,,,0,,,142,,,
zettlge01,1875,2,PH2,NA,12,8,21,21,20,1,0,541,208,48,0,10,10,,2.4,,,,0,,,121,,,
barnero01,1876,1,CHN,NL,0,0,1,0,0,0,0,4,7,3,0,0,0,0.53,20.25,,0,,0,13,0,8,,,
blongjo01,1876,1,SL3,NL,0,0,1,0,0,0,0,12,2,0,0,1,0,0.15,0,,0,,0,14,1,0,,,
bondto01,1876,1,HAR,NL,31,13,45,45,45,6,0,1224,355,76,2,13,88,0.22,1.68,,8,,0,1623,0,164,,,
bootham01,1876,1,CN1,NL,0,1,3,1,0,0,0,29,22,10,0,0,0,0.43,9.31,,0,,0,51,1,18,,,
boothed01,1876,1,NY3,NL,0,0,1,0,0,0,0,15,16,6,0,0,0,0.47,10.8,,0,,0,34,1,10,,,
bordejo01,1876,1,BSN,NL,11,12,29,24,16,2,1,655,257,70,4,51,34,0.27,2.89,,21,,0,983,6,155,,,
bradlfo01,1876,1,BSN,NL,9,10,22,21,16,1,1,520,201,48,1,16,16,0.26,2.49,,7,,0,779,1,116,,,
bradlge01,1876,1,SL3,NL,45,19,64,64,63,16,0,1719,470,78,3,38,103,0.21,1.23,,34,,0,2269,0,229,,,
clackbo01,1876,1,CN1,NL,0,0,1,0,0,0,0,6,2,1,0,0,0,0.25,4.5,,0,,0,8,1,1,,,
clintji01,1876,1,LS1,NL,0,1,1,1,1,0,0,27,12,6,0,0,1,0.27,6,,2,,0,43,0,11,,,
coonwi01,1876,1,PHN,NL,0,0,2,0,0,0,0,21,9,4,0,0,0,0.25,5.14,,0,,0,35,2,8,,,
cummica01,1876,1,HAR,NL,16,8,24,24,24,5,0,648,215,40,0,14,26,0.23,1.67,,7,,0,913,0,97,,,
deando01,1876,1,CN1,NL,4,26,30,30,26,0,0,788,397,109,1,24,22,0.32,3.73,,17,,0,1257,1,268,,,
devliji01,1876,1,LS1,NL,30,35,68,68,66,5,0,1866,566,108,3,37,122,0.22,1.56,,14,,0,2568,0,309,,,
fishech01,1876,1,CN1,NL,4,20,28,24,22,0,0,688,294,77,6,6,29,0.28,3.02,,6,,0,1039,4,202,,,
gouldch01,1876,1,CN1,NL,0,0,2,0,0,0,0,13,10,0,0,0,0,0.4,0,,0,,0,25,1,9,,,
knighlo01,1876,1,PHN,NL,10,22,34,32,27,0,0,846,383,82,0,34,12,0.29,2.62,,23,,0,1324,1,288,,,
laffefl01,1876,1,PHN,NL,0,1,1,1,1,0,0,27,5,0,0,0,0,0.15,0,,0,,0,33,0,3,,,
larkite01,1876,1,NY3,NL,0,1,1,1,1,0,0,27,9,3,0,0,0,0.23,3,,0,,0,39,0,7,,,
mannija01,1876,1,BSN,NL,18,5,34,20,13,0,5,592,213,47,1,32,24,0.25,2.14,,16,,0,878,13,139,,,
mathebo01,1876,1,NY3,NL,21,34,56,56,55,2,0,1548,693,164,8,24,37,0.3,2.86,,3,,0,2327,0,395,,,
mcbridi01,1876,1,BSN,NL,0,4,4,4,3,0,0,99,53,10,1,5,2,0.35,2.73,,1,,0,155,0,35,,,
mcveyca01,1876,1,CHN,NL,5,2,11,6,5,0,2,178,57,10,0,2,9,0.23,1.52,,2,,0,245,5,22,,,
meyerle01,1876,1,PHN,NL,0,2,2,2,2,0,0,54,28,10,0,1,0,0.33,5,,6,,0,84,0,23,,,
nichotr01,1876,1,BSN,NL,1,0,1,1,1,0,0,27,7,1,0,0,0,0.2,1,,0,,0,35,0,5,,,
pearcfr01,1876,1,LS1,NL,0,0,1,0,0,0,0,12,5,2,0,1,1,0.26,4.5,,2,,0,20,1,4,,,
peterjo01,1876,1,CHN,NL,0,0,1,0,0,0,1,3,1,0,0,1,0,0.25,0,,0,,0,5,1,1,,,
piersda01,1876,1,CN1,NL,0,1,1,1,0,0,0,0,2,2,1,0,0,1,,,0,,0,2,0,2,,,
ryanjo01,1876,1,LS1,NL,0,0,1,0,0,0,0,24,22,5,0,0,1,0.44,5.63,,7,,0,49,1,20,,,
spaldal01,1876,1,CHN,NL,47,12,61,60,53,8,0,1586,542,103,6,26,39,0.24,1.75,,1,,0,2219,1,226,,,
whitede01,1876,1,CHN,NL,0,0,1,0,0,0,1,6,1,0,0,0,3,0.14,0,,0,,0,7,1,0,,,
willida01,1876,1,CN1,NL,1,8,9,9,9,0,0,249,123,39,1,4,9,0.33,4.23,,5,,0,367,0,75,,,
wrighge01,1876,1,BSN,NL,0,0,1,0,0,0,0,3,1,0,0,0,1,0.25,0,,1,,0,4,1,0,,,
zettlge01,1876,1,PHN,NL,4,20,28,25,23,1,2,702,358,101,2,6,10,0.33,3.88,,4,,0,1089,4,212,,,
battijo01,1877,1,SL3,NL,0,0,1,0,0,0,0,11,3,2,0,1,1,0.2,4.91,,1,,0,16,1,2,,,
blongjo01,1877,1,SL3,NL,10,9,25,21,17,0,0,562,203,57,0,38,51,0.26,2.74,,29,,0,813,4,121,,,
bondto01,1877,1,BSN,NL,40,17,58,58,58,6,0,1563,530,122,5,36,170,0.24,2.11,,18,,0,2165,0,248,,,
bootham01,1877,1,CN1,NL,1,7,12,8,6,0,0,258,114,34,1,13,18,0.29,3.56,,7,,0,398,4,75,,,
bradlge01,1877,1,CHN,NL,18,23,50,44,35,2,0,1182,452,145,4,39,59,0.26,3.31,,39,,0,1719,7,266,,,
cassijo01,1877,1,HAR,NL,1,1,2,2,2,0,0,54,24,10,0,1,2,0.32,5,,0,,0,76,0,11,,,
cummica01,1877,1,CN1,NL,5,14,19,19,16,0,0,467,219,75,2,13,11,0.31,4.34,,15,,0,709,0,144,,,
devliji01,1877,1,LS1,NL,35,25,61,61,61,4,0,1677,617,140,4,41,141,0.27,2.25,,20,,0,2328,0,288,,,
fergubo01,1877,1,HAR,NL,1,1,3,2,2,0,0,75,38,11,0,2,1,0.35,3.96,,0,,0,110,1,15,,,
larkite01,1877,1,HAR,NL,29,25,56,56,55,4,0,1503,510,119,2,53,96,0.24,2.14,,18,,0,2132,0,285,,,
mannija01,1877,1,CN1,NL,0,4,10,4,2,0,1,132,83,34,1,7,6,0.37,6.95,,11,,0,226,6,65,,,
mathebo01,1877,1,CN1,NL,3,12,15,15,13,0,0,388,208,58,0,17,9,0.33,4.04,,10,,0,631,0,132,,,
mcveyca01,1877,1,CHN,NL,4,8,17,10,6,0,2,276,129,46,2,11,20,0.3,4.5,,3,,0,439,6,87,,,
mitchbo01,1877,1,CN1,NL,6,5,12,12,11,1,0,300,123,39,0,11,41,0.28,3.51,,4,,0,448,0,69,,,
nichotr01,1877,1,SL3,NL,18,23,42,39,35,1,0,1050,376,101,2,53,80,0.26,2.6,,22,,0,1484,3,195,,,
reisla01,1877,1,CHN,NL,3,1,4,4,4,1,0,108,29,3,1,6,11,0.21,0.75,,3,,0,142,0,8,,,
roweda01,1877,1,CHN,NL,0,1,1,1,0,0,0,3,3,2,0,2,0,0.6,18,,0,,0,7,0,2,,,
spaldal01,1877,1,CHN,NL,1,0,4,1,0,0,1,33,17,4,0,0,2,0.32,3.27,,0,,0,53,2,12,,,
whitewi01,1877,1,BSN,NL,2,1,3,3,3,1,0,81,27,9,0,2,7,0.24,3,,2,,0,113,0,15,,,
allisdo01,1878,1,PRO,NL,0,0,1,0,0,0,0,15,11,1,0,1,0,0.44,1.8,,0,,0,26,1,5,,,
bondto01,1878,1,BSN,NL,40,19,59,59,57,9,0,1598,571,122,5,33,182,0.26,2.06,,13,,0,2159,1,222,,,
brownle01,1878,1,PRO,NL,0,0,1,0,0,0,0,3,0,2,0,4,0,0,18,,2,,0,8,0,4,,,
coreyfr01,1878,1,PRO,NL,1,2,5,5,2,0,0,69,22,6,0,7,7,0.25,2.35,,1,,0,95,0,10,,,
ellicjo01,1878,1,ML2,NL,0,1,1,0,0,0,0,9,1,1,0,1,0,0.1,3,,1,,0,11,1,1,,,
fishech01,1878,1,PRO,NL,0,1,1,1,1,0,0,27,14,4,0,0,2,0.3,4,,1,,0,46,0,12,,,
goldemi01,1878,1,ML2,NL,3,13,22,18,15,0,0,483,217,74,1,33,52,0.29,4.14,,24,,0,769,4,171,,,
hankifr01,1878,1,CHN,NL,0,1,1,1,1,0,0,27,11,6,0,0,4,0.28,6,,1,,0,39,0,9,,,
healeto01,1878,2,IN1,NL,6,4,11,10,9,0,1,267,98,22,1,13,18,0.27,2.22,,2,,0,376,1,50,,,
healeto01,1878,1,PRO,NL,0,3,3,3,3,0,0,72,27,8,1,7,2,0.27,3,,6,,0,104,0,17,,,
larkite01,1878,1,CHN,NL,29,26,56,56,56,1,0,1518,511,126,4,31,163,0.24,2.24,,37,,0,2105,0,288,,,
mannija01,1878,1,BSN,NL,1,0,3,1,1,0,0,34,24,18,1,5,2,0.39,14.29,,4,,0,66,1,19,,,
mccorji01,1878,1,IN1,NL,5,8,14,14,12,1,0,351,128,22,0,15,36,0.26,1.69,,4,,0,490,0,47,,,
mckelru01,1878,1,IN1,NL,0,2,4,1,1,0,0,75,38,6,1,3,3,0.32,2.16,,3,,0,121,3,23,,,
mitchbo01,1878,1,CN1,NL,7,2,9,9,9,1,0,240,69,19,1,18,51,0.22,2.14,,3,,0,328,0,32,,,
nichotr01,1878,1,PRO,NL,4,7,11,10,10,0,0,294,157,46,0,8,21,0.34,4.22,,9,,0,464,1,98,,,
nolanth01,1878,1,IN1,NL,13,22,38,38,37,1,0,1041,357,99,1,56,125,0.25,2.57,,21,,0,1469,0,208,,,
reisla01,1878,1,CHN,NL,1,3,4,4,4,0,0,108,55,13,0,4,8,0.33,3.25,,0,,0,168,0,34,,,
wardjo01,1878,1,PRO,NL,22,13,37,37,37,6,0,1002,308,56,3,34,116,0.23,1.51,,26,,0,1365,0,151,,,
weavesa01,1878,1,ML2,NL,12,31,45,43,39,1,0,1149,371,83,2,21,95,0.23,1.95,,25,,0,1589,2,214,,,
wheelha01,1878,1,PRO,NL,6,1,7,6,6,0,0,186,70,24,1,25,25,0.27,3.48,,13,,0,280,1,40,,,
whitewi01,1878,1,CN1,NL,30,21,52,52,52,5,0,1404,477,93,1,45,169,0.25,1.79,,40,,0,1939,0,249,,,
bondto01,1879,1,BSN,NL,43,19,64,64,59,11,0,1666,543,121,8,24,155,0.25,1.96,,13,,0,2189,1,206,,,
bradlge01,1879,1,TRN,NL,13,40,54,54,53,3,0,1461,590,154,12,26,133,0.27,2.85,,43,,0,2170,0,361,,,
broutda01,1879,1,TRN,NL,0,2,3,2,2,0,0,63,35,13,0,8,6,0.34,5.57,,4,,0,110,1,30,,,
dorgami01,1879,1,SR1,NL,0,0,2,0,0,0,0,36,13,3,0,2,8,0.26,2.25,,2,,0,52,0,6,,,
foleycu01,1879,1,BSN,NL,9,9,21,16,16,1,0,485,175,45,1,15,57,0.25,2.51,,9,,0,709,4,111,,,
galvipu01,1879,1,BFN,NL,37,27,66,66,65,6,0,1779,585,150,3,31,136,0.24,2.28,,23,,0,2436,0,299,,,
gardngi01,1879,1,TRN,NL,0,2,2,2,2,0,0,42,27,9,0,0,3,0.36,5.79,,7,,0,74,0,21,,,
goldsfr01,1879,1,TRN,NL,2,4,8,7,7,0,0,189,61,11,0,1,31,0.23,1.57,,3,,0,258,1,38,,,
hankifr01,1879,1,CHN,NL,15,10,26,25,25,2,0,692,248,64,0,27,69,0.25,2.5,,4,,0,1000,1,134,,,
larkite01,1879,1,CHN,NL,31,23,58,58,57,4,0,1540,514,139,5,30,142,0.24,2.44,,20,,0,2176,0,277,,,
mathebo01,1879,1,PRO,NL,12,6,27,25,15,1,1,567,194,48,4,26,90,0.25,2.29,,17,,0,779,2,85,,,
mccorha01,1879,1,SR1,NL,18,33,54,54,49,5,0,1372,517,152,3,31,96,0.26,2.99,,31,,0,1975,4,291,,,
mccorji01,1879,1,CL2,NL,20,40,62,60,59,3,0,1639,582,147,3,74,197,0.25,2.42,,30,,0,2325,1,308,,,
mcgunbi01,1879,1,BFN,NL,9,5,14,13,13,2,0,360,113,35,0,16,62,0.23,2.63,,2,,0,496,1,66,,,
mcmanpa01,1879,1,TRN,NL,0,2,2,2,2,0,0,63,24,7,1,1,6,0.25,3,,2,,0,94,0,21,,,
mcveyca01,1879,1,CN1,NL,0,2,3,1,1,0,0,42,34,13,1,2,7,0.45,8.36,,3,,0,77,1,23,,,
mitchbo01,1879,1,CL2,NL,7,15,23,22,20,0,0,584,236,71,1,42,90,0.28,3.28,,26,,0,876,2,153,,,
neaglja01,1879,1,CN1,NL,0,1,2,2,1,0,0,39,13,5,0,5,4,0.24,3.46,,1,,0,59,0,12,,,
purcebl01,1879,1,SR1,NL,4,15,22,17,15,0,0,539,245,75,1,19,28,0.3,3.76,,31,,0,827,3,165,,,
purcebl01,1879,2,CN1,NL,0,2,2,2,2,0,0,54,27,8,0,2,3,0.35,4,,3,,0,78,0,15,,,
richmle01,1879,1,BSN,NL,1,0,1,1,1,0,0,27,4,2,0,1,11,0.11,2,,1,,0,36,0,6,,,
salisha01,1879,1,TRN,NL,4,6,10,10,9,0,0,267,103,22,0,11,31,0.26,2.22,,8,,0,400,0,72,,,
tyngji01,1879,1,BSN,NL,1,2,3,3,3,0,0,81,35,15,0,6,7,0.29,5,,1,,0,126,0,25,,,
wardjo01,1879,1,PRO,NL,47,19,70,60,58,2,1,1761,571,140,5,36,239,0.23,2.15,,29,,0,2425,10,270,,,
wheelha01,1879,1,CN1,NL,0,1,1,1,0,0,0,3,6,9,0,4,0,0.66,81,,1,,0,13,0,10,,,
whitewi01,1879,1,CN1,NL,43,31,76,75,75,4,0,2040,676,150,10,68,232,0.23,1.99,,49,,0,2906,1,404,,,
bondto01,1880,1,BSN,NL,26,29,63,57,49,3,0,1479,559,146,1,45,118,0.27,2.67,,24,,0,2082,6,298,,,
bradlge01,1880,1,PRO,NL,13,8,28,20,16,4,1,588,158,30,2,6,54,0.21,1.38,,7,,0,757,7,66,,,
burnsto01,1880,1,CHN,NL,0,0,1,0,0,0,0,4,2,0,0,2,1,0.25,0,,0,,0,10,0,4,,,
corcola01,1880,1,CHN,NL,43,14,63,60,57,4,2,1609,404,116,6,99,268,0.19,1.95,,19,,0,2133,3,218,,,
coreyfr01,1880,1,WOR,NL,8,9,25,17,9,2,2,445,131,40,6,16,47,0.21,2.43,,3,,0,614,6,72,,,
dorgami01,1880,1,PRO,NL,0,0,1,0,0,0,0,24,4,1,0,0,2,0.13,1.13,,0,,0,29,1,3,,,
driscde01,1880,1,BFN,NL,1,3,6,4,4,0,0,125,48,18,1,9,17,0.27,3.89,,8,,0,187,2,33,,,
evansja01,1880,1,TRN,NL,0,0,1,0,0,0,0,12,11,6,0,0,0,0.52,13.5,,0,,0,21,1,8,,,
foleycu01,1880,1,BSN,NL,14,14,36,28,21,1,0,714,264,103,1,40,68,0.27,3.89,,15,,0,1004,8,150,,,
galvipu01,1880,1,BFN,NL,20,35,58,54,46,5,0,1376,528,138,5,32,128,0.27,2.71,,24,,0,1969,4,281,,,
gardngi01,1880,1,CL2,NL,1,8,9,9,9,0,0,231,80,22,2,20,21,0.25,2.57,,10,,0,335,0,53,,,
goldsfr01,1880,1,CHN,NL,21,3,26,24,22,4,1,631,189,41,2,18,90,0.23,1.75,,10,,0,837,1,80,,,
guthch01,1880,1,CHN,NL,1,0,1,1,1,0,0,27,12,5,0,1,7,0.29,5,,4,,0,42,0,8,,,
hankifr01,1880,1,CL2,NL,1,1,4,2,2,0,1,75,20,3,0,3,8,0.21,1.08,,0,,0,96,2,10,,,
hornujo01,1880,1,BFN,NL,0,0,1,0,0,0,0,9,2,2,0,1,0,0.16,6,,1,,0,13,1,2,,,
keefeti01,1880,1,TRN,NL,6,6,12,12,12,0,0,315,71,10,0,17,43,0.18,0.86,,1,,0,397,0,27,,,
kellyki01,1880,1,CHN,NL,0,0,1,0,0,0,0,9,3,0,0,1,1,0.25,0,,0,,0,13,1,2,,,
larkite01,1880,1,TRN,NL,0,5,5,5,3,0,0,114,83,37,1,10,5,0.42,8.76,,9,,0,207,0,65,,,
learyja01,1880,1,BSN,NL,0,1,1,1,0,0,0,9,8,5,0,0,1,0.72,15,,0,,0,11,0,5,,,
mccorji01,1880,1,CL2,NL,45,28,74,74,72,7,0,1973,585,135,2,75,260,0.22,1.85,,21,,0,2669,0,274,,,
mcgunbi01,1880,1,BFN,NL,2,3,5,5,4,1,0,111,43,14,0,8,3,0.27,3.41,,1,,0,162,0,19,,,
morrijo01,1880,1,BSN,NL,0,0,3,0,0,0,0,32,9,1,0,1,0,0.27,0.84,,0,,0,34,2,3,,,
mountfr01,1880,1,TRN,NL,1,1,2,2,2,0,0,51,23,10,0,6,2,0.3,5.29,,1,,0,81,0,17,,,
nichotr01,1880,1,WOR,NL,0,2,2,2,2,0,0,53,29,8,0,4,4,0.35,4.08,,1,,0,85,0,16,,,
poormto01,1880,2,CHN,NL,2,0,2,1,0,0,0,45,12,4,0,8,0,0.2,2.4,,0,,0,67,1,5,,,
poormto01,1880,1,BFN,NL,1,8,11,9,9,0,1,255,117,39,3,19,13,0.3,4.13,,7,,0,400,2,90,,,
purcebl01,1880,1,CN1,NL,3,17,25,21,21,0,0,588,235,70,1,32,47,0.27,3.21,,10,,0,899,4,149,,,
richmle01,1880,1,WOR,NL,32,32,74,66,57,5,3,1772,541,141,7,74,243,0.23,2.15,,29,,0,2410,9,278,,,
stoveha01,1880,1,WOR,NL,0,0,2,0,0,0,0,18,8,3,0,3,3,0.3,4.5,,0,,0,32,2,4,,,
wardjo01,1880,1,PRO,NL,39,24,70,67,59,8,1,1785,501,115,5,45,230,0.21,1.74,,19,,0,2351,4,230,,,
welchmi01,1880,1,TRN,NL,34,30,65,64,64,4,0,1722,575,162,7,80,123,0.24,2.54,,26,,0,2387,1,321,,,
whitewi01,1880,1,CN1,NL,18,42,62,62,58,3,0,1552,550,123,9,56,161,0.25,2.14,,35,,0,2217,0,323,,,
wiedmst01,1880,1,BFN,NL,0,9,17,13,9,0,0,341,141,43,1,9,25,0.29,3.4,,9,,0,493,4,77,,,
bondto01,1881,1,BSN,NL,0,3,3,3,2,0,0,76,40,12,3,2,2,0.36,4.26,,3,,0,113,0,17,,,
bradlge01,1881,2,CL2,NL,2,4,6,6,5,0,0,153,70,22,2,3,6,0.32,3.88,,2,,0,222,0,36,,,
corcola01,1881,1,CHN,NL,31,14,45,44,43,4,0,1190,380,102,10,78,150,0.24,2.31,,27,,0,1650,1,204,,,
coreyfr01,1881,1,WOR,NL,6,15,23,21,20,1,0,566,231,78,3,31,33,0.29,3.72,,8,,0,803,2,127,,,
derbyge01,1881,1,DTN,NL,29,26,56,55,55,9,0,1484,505,121,3,86,212,0.25,2.2,,14,,0,2101,1,252,,,
foleycu01,1881,1,BFN,NL,3,4,10,6,2,0,0,123,70,24,1,5,2,0.33,5.27,,1,,0,213,3,48,,,
foxjo01,1881,1,BSN,NL,6,8,17,16,12,0,0,373,144,46,0,39,30,0.27,3.33,,21,,0,556,1,90,,,
galvipu01,1881,1,BFN,NL,28,24,56,53,48,5,0,1422,546,125,4,46,136,0.27,2.37,,31,,0,2037,3,250,,,
goldsfr01,1881,1,CHN,NL,24,13,39,39,37,5,0,990,328,95,4,44,76,0.24,2.59,,10,,1,1373,0,166,,,
keefeti01,1881,1,TRN,NL,18,27,45,45,45,4,0,1206,442,145,4,81,103,0.27,3.25,,13,,0,1693,0,243,,,
learyja01,1881,1,DTN,NL,0,2,2,2,1,0,0,39,13,6,0,2,2,0.25,4.15,,0,,0,53,0,6,,,
lynchja01,1881,1,BFN,NL,10,9,20,19,17,0,0,497,203,66,2,29,32,0.29,3.59,,10,,1,713,1,112,,,
mathebo01,1881,2,BSN,NL,1,0,5,1,1,0,2,69,22,6,0,11,5,0.23,2.35,,2,,0,103,4,11,,,
mathebo01,1881,1,PRO,NL,4,8,14,14,10,1,0,307,121,36,2,21,28,0.26,3.17,,9,,0,473,0,81,,,
mccorha01,1881,1,WOR,NL,1,8,9,9,9,1,0,235,89,31,1,15,7,0.27,3.56,,3,,0,339,0,50,,,
mccorji01,1881,1,CL2,NL,26,30,59,58,57,2,0,1578,484,143,4,84,178,0.23,2.45,,24,,0,2145,1,267,,,
morrijo01,1881,1,BSN,NL,0,1,3,0,0,0,1,17,9,4,0,1,0,0.33,6.35,,0,,0,28,3,8,,,
mountfr01,1881,1,DTN,NL,3,4,7,7,7,0,0,180,80,35,2,18,13,0.29,5.25,,10,,0,292,0,63,,,
mullato01,1881,1,DTN,NL,1,4,5,5,5,0,0,132,55,24,2,17,7,0.3,4.91,,6,,0,199,0,42,,,
nolanth01,1881,1,CL2,NL,8,14,22,21,20,0,0,540,183,61,3,38,54,0.25,3.05,,10,,0,768,1,111,,,
purcebl01,1881,2,BFN,NL,4,1,9,5,5,0,0,185,62,19,2,9,15,0.24,2.77,,2,,0,259,4,37,,,
radboch01,1881,1,PRO,NL,25,11,41,36,34,3,0,976,309,88,1,64,117,0.23,2.43,,17,,0,1380,4,162,,,
richmle01,1881,1,WOR,NL,25,26,53,52,50,3,0,1387,547,174,7,68,156,0.28,3.39,,24,,1,1992,1,302,,,
taylobi01,1881,3,CL2,NL,0,0,1,0,0,0,0,9,0,0,0,1,2,0,0,,0,,0,10,1,0,,,
taylobi01,1881,1,WOR,NL,0,1,1,1,1,0,0,24,15,7,0,6,0,0.36,7.88,,2,,0,47,0,13,,,
wardjo01,1881,1,PRO,NL,18,18,39,35,32,3,0,990,326,78,2,53,119,0.24,2.13,,32,,0,1398,5,183,,,
welchmi01,1881,1,TRN,NL,21,18,40,40,40,4,0,1104,371,109,7,78,104,0.25,2.67,,11,,0,1534,0,186,,,
whitewi01,1881,1,DTN,NL,0,2,2,2,2,0,0,54,24,10,0,2,5,0.29,5,,1,,0,83,0,18,,,
whitnji01,1881,1,BSN,NL,31,33,66,63,57,6,0,1657,548,152,6,90,162,0.24,2.48,,46,,1,2301,3,284,,,
wiedmst01,1881,1,DTN,NL,8,5,13,13,13,1,0,345,108,23,1,12,26,0.23,1.8,,3,,0,466,0,48,,,
willine01,1881,1,CHN,NL,1,1,3,1,1,0,0,54,14,4,0,0,2,0.2,2,,1,,0,67,2,9,,,
arundha01,1882,1,PT1,AA,4,10,14,14,13,0,0,360,155,62,3,23,47,,4.65,,0,,0,0,0,112,,,
bohnch01,1882,1,LS2,AA,1,1,2,2,2,0,0,54,21,6,0,3,1,,3,,0,,0,0,0,8,,,
bondto01,1882,1,WOR,NL,0,1,2,2,0,0,0,37,12,6,0,7,2,0.21,4.38,,1,,0,62,0,13,,,
bradlge01,1882,1,CL2,NL,6,9,18,16,15,0,0,441,164,61,5,22,32,0.26,3.73,,14,,0,643,2,102,,,
browned01,1882,1,SL4,AA,0,0,1,0,0,0,0,6,2,0,0,0,1,,0,,0,,0,0,1,1,,,
brownto01,1882,1,BL2,AA,0,0,2,0,0,0,0,25,13,1,0,6,2,,1.08,,0,,0,0,1,7,,,
buffich01,1882,1,BSN,NL,2,3,5,5,4,1,0,126,53,19,2,14,17,0.29,4.07,,2,,0,193,0,34,,,
burkeja01,1882,1,BFN,NL,0,1,1,1,0,0,0,12,10,5,0,0,0,0.43,11.25,,0,,0,23,0,9,,,
clarkjo01,1882,1,WOR,NL,1,2,3,3,2,0,0,72,49,12,0,2,3,0.39,4.5,,3,,0,127,0,31,,,
comisch01,1882,1,SL4,AA,0,1,2,1,1,0,0,24,12,0,0,3,2,,0,,0,,0,0,0,8,,,
corcola01,1882,1,CHN,NL,27,12,39,39,38,3,0,1067,281,77,5,63,170,0.2,1.95,,17,,0,1469,0,153,,,
coreyfr01,1882,1,WOR,NL,1,13,21,14,12,0,0,417,180,55,5,19,36,0.28,3.56,,23,,0,648,7,132,,,
critcmo01,1882,1,PT1,AA,1,0,1,1,1,1,0,27,7,0,0,1,3,,0,,0,,0,0,0,0,,,
critcmo01,1882,2,SL4,AA,0,4,4,4,4,0,0,102,43,16,3,7,2,,4.24,,0,,0,0,0,31,,,
dailyhu01,1882,1,BFN,NL,15,14,29,29,29,0,0,767,246,85,6,70,116,0.23,2.99,,11,,0,1120,0,165,,,
derbyge01,1882,1,DTN,NL,17,20,40,39,38,3,0,1086,386,131,8,81,182,0.25,3.26,,16,,0,1590,1,267,,,
dorrbe01,1882,1,SL4,AA,2,6,8,8,8,0,0,198,53,19,0,1,34,,2.59,,0,,0,0,0,39,,,
doylejo02,1882,1,SL4,AA,0,3,3,3,3,0,0,72,41,7,0,3,5,,2.63,,2,,0,125,0,33,,,
driscde01,1882,1,PT1,AA,13,9,23,23,23,0,0,603,162,27,0,12,59,,1.21,,0,,0,0,0,73,,,
eganji01,1882,1,TRN,NL,4,6,12,10,10,0,0,300,133,46,2,24,20,0.31,4.14,,5,,0,446,2,79,,,
evansja01,1882,1,WOR,NL,0,1,1,1,1,0,0,24,13,5,1,0,2,0.31,5.63,,1,,0,41,0,10,,,
ewingbu01,1882,1,TRN,NL,0,0,1,0,0,0,0,3,2,1,0,1,0,0.4,9,,0,,0,6,1,1,,,
foleycu01,1882,1,BFN,NL,0,0,1,0,0,0,0,3,2,2,0,0,0,0.33,18,,0,,0,6,1,2,,,
fusseed01,1882,1,SL4,AA,1,2,4,2,2,0,1,69,34,12,0,2,3,,4.7,,0,,0,0,2,24,,,
galvipu01,1882,1,BFN,NL,28,23,52,51,48,3,0,1336,476,157,8,40,162,0.25,3.17,,19,,1,1900,2,255,,,
geisbi01,1882,1,BL2,AA,4,9,13,13,10,1,0,287,84,51,2,22,10,,4.8,,0,,0,0,0,73,,,
goldsfr01,1882,1,CHN,NL,28,17,45,45,45,4,0,1215,377,109,7,38,109,0.23,2.42,,13,,0,1637,0,192,,,
halbred01,1882,1,PH4,AA,0,1,1,1,1,0,0,24,17,7,1,4,4,,7.88,,0,,0,0,0,12,,,
heckegu01,1882,1,LS2,AA,6,6,13,11,10,0,0,312,75,15,0,5,33,,1.3,,0,,0,0,1,49,,,
hoganed01,1882,1,SL4,AA,0,1,1,1,1,0,0,24,10,1,0,0,4,,1.13,,0,,0,0,0,7,,,
keefeti01,1882,1,TRN,NL,17,26,43,42,41,1,0,1125,368,104,4,81,116,0.24,2.5,,8,,0,1588,1,221,,,
landido01,1882,1,PH4,AA,1,1,2,2,2,0,0,51,16,6,1,1,13,,3.18,,0,,0,0,0,12,,,
landido01,1882,2,BL2,AA,11,27,42,39,35,0,0,1023,409,126,7,46,62,,3.33,,0,,0,0,3,252,,,
learyja01,1882,2,BL2,AA,2,1,3,3,3,0,0,78,29,4,1,8,2,,1.38,,0,,0,0,0,22,,,
learyja01,1882,1,PT1,AA,1,0,3,2,1,0,0,56,28,13,0,3,5,,6.27,,0,,0,0,1,22,,,
mathebo01,1882,1,BSN,NL,19,15,34,32,31,0,0,855,278,91,5,22,153,0.23,2.87,,13,,0,1220,2,151,,,
mccorha01,1882,1,CN2,AA,14,11,25,25,24,3,0,659,177,37,4,42,33,,1.52,,0,,0,0,0,87,,,
mccorji01,1882,1,CL2,NL,36,30,68,67,65,4,0,1787,550,157,14,103,200,0.23,2.37,,22,,0,2412,1,274,,,
mcginju01,1882,1,SL4,AA,25,18,45,45,43,3,0,1165,391,112,2,53,134,,2.6,,0,,0,0,0,241,,,
mitchbo01,1882,1,SL4,AA,0,1,1,1,0,0,0,21,12,6,0,2,2,,7.71,,0,,0,0,0,13,,,
morrijo01,1882,1,BSN,NL,0,0,1,0,0,0,0,6,3,0,0,0,2,0.37,0,,0,,0,8,1,0,,,
mountfr01,1882,1,WOR,NL,0,5,5,5,5,0,0,126,47,14,0,11,5,0,3,,,,0,,0,30,,,
mountfr01,1882,2,PH4,AA,2,6,8,8,8,0,0,207,72,30,1,11,15,,3.91,,10,,0,308,0,49,,,
mountfr01,1882,3,WOR,NL,2,11,13,13,11,0,0,306,138,45,4,24,24,0.29,3.97,,,,0,,0,93,,,
mullato01,1882,1,LS2,AA,30,24,55,55,51,5,0,1381,418,96,4,78,170,,1.88,,0,,0,0,0,212,,,
myershe01,1882,1,BL2,AA,0,2,6,2,1,0,0,78,30,19,2,4,7,,6.58,,0,,0,0,3,28,,,
nichotr01,1882,1,BL2,AA,1,12,16,13,12,0,0,355,155,66,2,17,21,,5.02,,0,,0,0,3,113,,,
purcebl01,1882,1,BFN,NL,2,1,6,3,2,0,0,93,44,17,2,4,9,0.33,4.94,,2,,0,134,2,30,,,
radboch01,1882,1,PRO,NL,33,20,55,52,51,6,0,1422,429,110,6,51,201,0.22,2.09,,23,,0,1948,3,215,,,
reccijo01,1882,1,LS2,AA,4,6,13,10,9,1,0,285,106,32,3,22,31,,3.03,,0,,0,0,3,70,,,
reynoch01,1882,1,PH4,AA,1,1,2,2,1,0,0,36,18,7,0,3,4,,5.25,,0,,0,0,0,11,,,
richmle01,1882,1,WOR,NL,14,33,48,46,44,0,0,1233,525,171,11,88,123,0.29,3.74,,26,,0,1876,2,343,,,
robinya01,1882,1,DTN,NL,0,0,1,0,0,0,0,6,0,0,0,1,0,0,0,,0,,0,8,1,0,,,
roweda01,1882,1,CL2,NL,0,1,1,1,1,0,0,27,29,12,3,7,0,0.49,12,,3,,0,66,0,35,,,
russjo01,1882,1,BL2,AA,0,1,1,1,0,0,0,15,10,4,0,1,0,,7.2,,0,,0,0,0,6,,,
salisha01,1882,1,PT1,AA,20,18,38,38,38,1,0,1005,315,98,1,37,135,,2.63,,0,,0,0,0,188,,,
schapjo01,1882,1,SL4,AA,8,7,15,14,13,0,0,384,131,50,2,32,38,,3.52,,0,,0,0,1,99,,,
schenbi01,1882,1,LS2,AA,1,0,2,1,1,0,0,30,6,1,0,1,4,,0.9,,0,,0,0,1,2,,,
seymoja01,1882,1,PT1,AA,0,1,1,1,1,0,0,24,16,7,0,2,2,,7.88,,5,,0,43,0,13,,,
snydege01,1882,1,PH4,AA,1,0,1,1,1,0,0,27,4,0,0,2,0,,0,,0,,0,0,0,3,,,
striccu01,1882,1,PH4,AA,1,0,2,0,0,0,0,21,3,1,0,1,2,,1.29,,0,,0,0,2,1,,,
sweenbi01,1882,1,PH4,AA,9,10,20,20,18,0,0,510,178,55,4,42,48,,2.91,,0,,0,0,0,119,,,
taylobi01,1882,1,PT1,AA,0,1,1,0,0,0,0,15,11,9,0,4,1,,16.2,,0,,0,0,1,10,,,
wardjo01,1882,1,PRO,NL,19,12,33,32,29,4,1,834,261,80,6,36,72,0.23,2.59,,13,,0,1159,1,141,,,
weavesa01,1882,1,PH4,AA,26,15,42,41,41,2,0,1113,374,113,6,35,104,,2.74,,0,,0,0,1,182,,,
welchmi01,1882,1,TRN,NL,14,16,33,33,30,5,0,843,334,108,7,62,53,0.28,3.46,,15,,0,1256,0,221,,,
wheelha01,1882,1,CN2,AA,1,2,4,1,1,0,0,65,21,13,0,12,10,,5.4,,0,,0,0,3,17,,,
whitewi01,1882,1,CN2,AA,40,12,54,54,52,8,0,1440,411,82,3,71,122,,1.54,,14,,0,1900,0,164,,,
whitnar01,1882,2,DTN,NL,0,1,3,2,1,0,0,54,31,12,1,8,11,0.37,6,,1,,0,91,1,17,,,
whitnji01,1882,1,BSN,NL,24,21,49,48,46,3,0,1260,404,123,3,41,180,0.23,2.64,,29,,0,1743,1,229,,,
wiedmst01,1882,1,DTN,NL,25,20,46,45,43,4,0,1233,391,120,10,39,161,0.23,2.63,,8,,0,1697,1,204,,,
willine01,1882,1,CHN,NL,0,0,1,0,0,0,0,9,9,2,1,1,0,0.5,6,,0,,0,19,1,8,,,
wisebi01,1882,1,BL2,AA,1,2,3,3,3,0,0,78,30,8,1,4,9,,2.77,,0,,0,0,0,14,,,
wolfji01,1882,1,LS2,AA,0,0,1,0,0,0,0,18,11,6,0,3,1,,9,,0,,0,0,1,11,,,
allenmy01,1883,1,NY1,NL,0,1,1,1,1,0,0,24,8,1,0,3,0,0.27,1.13,,1,,0,32,0,5,,,
ansonca01,1883,1,CHN,NL,0,0,2,0,0,0,1,9,1,0,0,1,0,0.09,0,,0,,0,12,2,1,,,
bakelje01,1883,1,PH4,AA,5,3,8,8,7,0,0,184,65,22,0,12,14,,3.23,,0,,0,0,0,47,,,
bakerno01,1883,1,PT1,AA,0,2,3,3,2,0,0,57,24,7,0,11,5,,3.32,,0,,0,0,0,16,,,
barrbo01,1883,1,PT1,AA,6,18,26,23,19,0,1,610,263,99,5,28,81,,4.38,,0,,0,1029,3,166,,,
battijo01,1883,1,PT1,AA,0,0,2,0,0,0,0,12,9,1,0,1,0,,2.25,,0,,0,0,1,4,,,
bradlge01,1883,2,PH4,AA,16,7,26,23,22,0,0,643,215,75,7,22,56,,3.15,,0,,0,927,3,129,,,
breital01,1883,1,PHI,NL,0,1,1,1,0,0,0,15,8,5,0,2,0,0.32,9,,1,,0,27,0,9,,,
broutda01,1883,1,BFN,NL,0,0,1,0,0,0,0,6,9,7,0,3,2,0.64,31.5,,0,,0,17,0,7,,,
brownto01,1883,1,CL5,AA,0,1,3,1,1,0,0,42,14,9,0,10,6,,5.79,,0,,0,0,2,17,,,
buffich01,1883,1,BSN,NL,25,14,43,41,34,4,1,999,346,112,4,51,188,0.25,3.03,,17,,0,1444,3,187,,,
burkeja01,1883,1,BFN,NL,0,0,1,1,0,0,0,24,9,5,0,3,1,0.24,5.63,,0,,0,40,0,8,,,
burnsdi01,1883,1,DTN,NL,2,12,17,13,13,0,0,383,172,64,8,33,30,0.3,4.51,,6,,0,604,4,122,,,
cadych01,1883,1,CL2,NL,0,1,1,1,1,0,0,24,13,7,0,4,5,0.36,7.88,,3,,0,40,0,13,,,
colemjo01,1883,1,PHI,NL,12,48,65,61,59,3,0,1615,772,291,17,48,159,0.3,4.87,,9,,0,2546,4,510,,,
corcola01,1883,1,CHN,NL,34,20,56,53,51,3,0,1421,483,131,7,82,216,0.24,2.49,,19,,0,2041,3,281,,,
coreyfr01,1883,1,PH4,AA,10,7,18,16,15,0,0,445,182,56,3,24,42,,3.4,,0,,0,0,2,106,,,
cushmed01,1883,1,BFN,NL,3,3,7,7,5,0,0,151,61,22,0,17,34,0.28,3.93,,4,,0,231,1,41,,,
dailyhu01,1883,1,CL2,NL,23,19,45,43,40,4,1,1136,360,102,5,99,171,0.24,2.42,,23,,0,1578,2,193,,,
deaglre01,1883,1,CN2,AA,10,8,18,18,17,1,0,444,136,38,0,34,48,,2.31,,0,,0,637,0,78,,,
derbyge01,1883,1,BFN,NL,2,10,14,13,12,0,1,323,173,70,3,15,34,0.33,5.85,,5,,0,533,1,120,,,
devinji01,1883,1,BL2,AA,1,1,2,2,1,0,0,33,15,9,0,1,3,,7.36,,0,,0,0,0,15,,,
dolanto01,1883,1,SL4,AA,0,0,1,0,0,0,0,12,4,2,0,0,0,,4.5,,0,,0,0,1,3,,,
dorgami01,1883,1,NY1,NL,0,1,1,1,1,0,0,21,8,3,0,6,3,0.28,3.86,,1,,0,34,0,7,,,
driscde01,1883,1,PT1,AA,18,21,41,40,35,1,0,1009,427,149,3,39,79,,3.99,,0,,0,1489,1,239,,,
dundoed01,1883,1,CL5,AA,3,16,20,19,16,0,0,500,213,83,7,38,31,,4.48,,0,,0,768,1,153,,,
emslibo01,1883,1,BL2,AA,9,13,24,23,21,1,0,604,188,71,3,41,62,,3.17,,12,,0,877,1,149,,,
evansja01,1883,1,CL2,NL,0,0,1,0,0,0,0,9,0,0,0,0,1,0,0,,0,,0,9,1,0,,,
fergubo01,1883,1,PHI,NL,0,0,1,0,0,0,0,3,2,1,0,0,0,0.28,9,,0,,0,7,1,2,,,
foleycu01,1883,1,BFN,NL,1,0,1,0,0,0,0,3,0,0,0,4,0,0,0,,0,,0,6,1,0,,,
foxjo01,1883,1,BL2,AA,6,13,20,19,18,0,0,496,209,74,2,32,49,,4.03,,0,,0,804,1,140,,,
friespe01,1883,1,CL5,AA,0,3,3,3,3,0,0,75,34,18,1,14,7,,6.48,,0,,0,0,0,31,,,
gallabi01,1883,1,BL2,AA,0,5,7,5,4,0,0,155,79,31,0,6,19,,5.4,,0,,0,0,2,57,,,
galvipu01,1883,1,BFN,NL,46,29,76,75,72,5,0,1969,676,198,9,50,279,0.25,2.72,,28,,0,2741,1,367,,,
gardngi01,1883,1,BL2,AA,1,0,2,0,0,0,0,21,9,4,1,1,2,,5.14,,0,,0,0,1,7,,,
goldsfr01,1883,1,CHN,NL,25,19,46,45,40,2,0,1150,456,134,14,39,82,0.27,3.15,,11,,1,1683,1,256,,,
haganar01,1883,2,BFN,NL,0,2,2,2,1,0,0,45,17,6,0,6,7,0.27,3.6,,3,,0,69,0,12,,,
haganar01,1883,1,PHI,NL,1,14,17,16,15,0,0,411,207,83,2,33,39,0.34,5.45,,22,,0,639,1,151,,,
heckegu01,1883,1,LS2,AA,26,23,51,50,49,3,0,1353,509,167,4,72,153,,3.33,,0,,0,1993,1,287,,,
hendeha01,1883,2,BL2,AA,10,32,45,42,38,0,0,1075,383,160,4,87,145,,4.02,,0,,0,1705,3,315,,,
hendeha01,1883,1,PHI,NL,0,1,1,1,1,0,0,27,26,19,0,2,2,0.48,19,,4,,0,56,0,24,,,
hilsech01,1883,1,PHI,NL,0,3,3,3,3,0,0,78,36,16,1,4,8,0.3,5.54,,1,,0,122,0,26,,,
hodnech01,1883,1,SL4,AA,2,2,4,4,3,0,0,96,28,5,1,7,6,,1.41,,0,,0,0,0,10,,,
huntele01,1883,1,CL2,NL,0,0,1,0,0,0,0,19,10,1,0,2,4,0.37,1.42,,0,,0,27,1,7,,,
jonesja02,1883,2,PH4,AA,5,2,7,7,7,0,0,195,58,19,1,6,28,,2.63,,0,,0,0,0,38,,,
jonesja02,1883,1,DTN,NL,6,5,12,12,9,1,0,278,103,36,0,19,33,0.25,3.5,,4,,0,416,0,63,,,
keefeti01,1883,1,NY4,AA,41,27,68,68,68,5,0,1857,486,166,6,98,361,,2.41,,26,,0,2418,0,244,,,
kellyki01,1883,1,CHN,NL,0,0,1,0,0,0,0,3,1,0,0,0,0,0.33,0,,0,,0,3,1,0,,,
lilliji01,1883,1,BFN,NL,0,1,3,0,0,0,0,36,16,4,0,2,4,0.3,3,,2,,0,55,3,12,,,
lynchja01,1883,1,NY4,AA,13,15,29,29,29,1,0,765,263,116,6,25,119,,4.09,,15,,0,1040,0,161,,,
manseto01,1883,1,DTN,NL,0,0,1,0,0,0,0,20,21,14,2,5,3,0.55,18.9,,1,,0,43,1,18,,,
mathebo01,1883,1,PH4,AA,30,13,44,44,41,1,0,1143,396,104,11,31,203,,2.46,,0,,0,1649,0,224,,,
mccorha01,1883,1,CN2,AA,8,6,15,15,14,1,0,386,139,41,1,27,21,,2.87,,0,,0,575,0,70,,,
mccorji01,1883,1,CL2,NL,28,12,43,41,36,1,1,1026,316,70,1,65,145,0.23,1.84,,11,,0,1421,2,151,,,
mcginju01,1883,1,SL4,AA,28,16,45,45,41,6,0,1148,325,99,3,69,128,,2.33,,0,,0,1564,0,174,,,
mcintfr01,1883,1,DTN,NL,1,0,1,1,1,0,0,33,11,1,0,1,0,0.23,0.82,,0,,0,48,0,10,,,
mcintfr01,1883,2,CL5,AA,1,1,2,2,2,0,0,57,20,11,0,7,6,,5.21,,2,,0,87,0,19,,,
mclaufr01,1883,1,PT1,AA,0,0,2,0,0,0,0,27,14,13,0,3,1,,13,,0,,0,0,2,21,,,
morrijo01,1883,1,BSN,NL,1,0,2,1,1,0,0,39,15,4,0,4,5,0.26,2.77,,0,,0,60,1,11,,,
mountbi01,1883,1,CN2,AA,0,1,1,1,1,0,0,24,9,2,0,2,3,,2.25,,0,,0,31,0,4,,,
mountfr01,1883,1,CL5,AA,26,33,59,59,57,4,0,1509,546,201,8,123,159,,3.6,,0,,0,2177,0,345,,,
mullato01,1883,1,SL4,AA,35,15,53,49,49,3,1,1382,372,112,3,74,191,,2.19,,0,,0,1841,4,222,,,
neaglja01,1883,2,BL2,AA,1,4,6,5,4,0,0,138,48,25,1,20,9,,4.89,,0,,0,0,1,48,,,
neaglja01,1883,3,PT1,AA,3,12,16,16,12,0,0,342,156,74,9,25,41,,5.84,,0,,0,0,0,123,,,
neaglja01,1883,1,PHI,NL,1,7,8,7,6,0,0,184,88,47,0,21,13,0.31,6.9,,9,,0,300,1,77,,,
nolanth01,1883,1,PT1,AA,0,7,7,7,6,0,0,165,81,26,0,10,23,,4.25,,0,,0,0,0,44,,,
oneilti01,1883,1,NY1,NL,5,12,19,19,15,0,0,444,182,67,5,64,55,0.28,4.07,,33,,0,694,0,129,,,
orourji01,1883,1,BFN,NL,0,0,2,0,0,0,1,21,10,5,0,1,1,0.35,6.43,,1,,0,29,1,9,,,
purcebl01,1883,1,PHI,NL,2,6,11,9,7,0,0,240,110,39,0,12,30,0.3,4.39,,7,,0,371,0,71,,,
radboch01,1883,1,PRO,NL,48,25,76,68,66,4,1,1897,563,144,7,56,315,0.22,2.05,,36,,0,2540,8,275,,,
radboge01,1883,1,DTN,NL,1,2,3,3,2,0,0,66,38,16,1,7,2,0.34,6.55,,5,,0,117,0,28,,,
reccijo01,1883,1,LS2,AA,0,0,1,0,0,0,0,12,10,1,0,0,0,,2.25,,0,,0,0,1,3,,,
richmle01,1883,1,PRO,NL,3,7,12,12,8,0,0,276,122,34,2,27,13,0.31,3.33,,6,,0,416,0,67,,,
roweda01,1883,1,BL2,AA,0,0,1,0,0,0,0,12,12,9,1,2,1,,20.25,,0,,0,0,1,11,,,
sawyewi01,1883,1,CL2,NL,4,10,17,15,15,0,0,423,119,37,1,47,76,0.21,2.36,,13,,0,596,2,79,,,
shawdu01,1883,1,DTN,NL,10,15,26,25,23,1,0,681,238,63,3,44,73,0.25,2.5,,6,,0,974,1,135,,,
smithed01,1883,2,PHI,NL,0,1,1,1,0,0,0,21,18,12,0,3,2,0.4,15.43,,1,,0,47,1,17,,,
smithpo01,1883,1,CL5,AA,0,0,3,0,0,0,0,17,10,4,0,0,0,,6.35,,0,,0,30,3,7,,,
sommejo01,1883,1,CN2,AA,0,0,1,0,0,0,0,15,9,3,0,1,2,,5.4,,0,,0,0,1,6,,,
stoveha01,1883,1,PH4,AA,0,0,1,0,0,0,0,9,5,3,0,0,4,,9,,0,,0,0,1,3,,,
sweench01,1883,1,PRO,NL,7,7,20,18,14,0,0,440,142,51,3,28,48,0.23,3.13,,17,,0,626,2,94,,,
taylobi01,1883,1,PT1,AA,4,7,19,9,8,0,0,381,166,76,4,34,41,,5.39,,0,,0,580,9,115,,,
valenjo01,1883,1,CL5,AA,2,10,13,12,11,0,0,306,130,40,0,17,13,,3.53,,0,,0,501,1,80,,,
wardjo01,1883,1,NY1,NL,16,13,34,25,24,1,0,831,278,83,3,31,121,0.24,2.7,,19,,0,1159,9,165,,,
weavesa01,1883,1,LS2,AA,26,22,48,48,47,4,0,1256,468,172,3,38,116,,3.7,,0,,0,1776,0,272,,,
welchmi01,1883,1,NY1,NL,25,23,54,52,46,4,0,1278,431,129,11,66,144,0.24,2.73,,27,,0,1829,2,271,,,
wheelha01,1883,1,CL5,AA,0,1,1,1,0,0,0,15,13,4,0,2,0,,7.2,,0,,0,0,0,7,,,
whitewi01,1883,1,CN2,AA,43,22,65,64,64,6,0,1731,473,134,16,104,141,,2.09,,0,,0,2320,1,255,,,
whitnji01,1883,1,BSN,NL,37,21,62,56,54,1,2,1542,492,128,7,35,345,0.23,2.24,,37,,0,2101,5,258,,,
wiedmst01,1883,1,DTN,NL,20,24,52,47,41,3,2,1207,435,158,8,72,183,0.25,3.53,,11,,0,1762,5,265,,,
willine01,1883,1,CHN,NL,0,0,1,0,0,0,0,3,1,1,0,1,1,0.16,9,,0,,0,7,0,2,,,
woodge01,1883,1,DTN,NL,0,0,1,0,0,0,0,15,8,4,0,3,0,0.34,7.2,,1,,0,26,1,9,,,
andrufr01,1884,1,CHN,NL,1,0,1,1,1,0,0,27,11,2,1,2,2,0.29,2,,0,0,0,39,0,3,,,
ansonca01,1884,1,CHN,NL,0,1,1,0,0,0,0,3,3,2,2,1,1,0.37,18,,0,0,0,9,1,4,,,
arundha01,1884,1,PRO,NL,1,0,1,1,1,0,0,27,8,1,0,4,4,0.25,1,,1,0,0,36,0,2,,,
atkinal01,1884,3,BLU,UA,3,5,8,8,8,0,0,209,60,18,4,12,50,,2.33,,0,,0,,0,34,,,
atkinal01,1884,2,CHU,UA,6,10,16,16,16,1,0,420,127,43,1,21,104,,2.76,,0,,0,,0,52,,,
atkinal01,1884,1,PH4,AA,11,11,22,22,20,1,0,552,186,86,3,21,93,,4.21,,0,10,0,792,0,130,,,
aydelja01,1884,1,IN2,AA,5,7,12,12,11,0,0,318,129,58,0,29,30,,4.92,,0,0,0,487,0,100,,,
bakelje01,1884,3,KCU,UA,2,3,5,5,3,0,0,99,29,9,0,4,13,,2.45,,0,,0,,0,16,,,
bakelje01,1884,2,WIL,UA,0,2,2,2,2,0,0,51,24,8,0,1,9,,4.24,,0,,0,,0,17,,,
bakelje01,1884,1,PHU,UA,14,25,39,38,38,1,0,1034,390,171,0,76,204,,4.47,,0,,0,,1,305,,,
baldwla01,1884,1,MLU,UA,1,1,2,2,2,0,0,51,7,5,0,1,21,,2.65,,0,,0,,0,5,,,
barrbo01,1884,1,WS7,AA,9,23,32,32,32,2,0,843,311,108,9,31,138,,3.46,,0,13,0,1248,0,210,,,
barrbo01,1884,2,IN2,AA,3,11,16,16,15,0,0,396,160,73,2,19,69,,4.98,,0,5,0,605,0,117,,,
bastich01,1884,1,WIL,UA,0,0,1,0,0,0,0,18,6,2,0,0,2,,3,,0,,0,,1,5,,,
baueral01,1884,1,CL5,AA,1,2,3,3,3,0,0,75,22,13,1,14,13,,4.68,,0,0,0,112,0,21,,,
becanbu01,1884,1,NY4,AA,1,0,1,1,1,0,0,18,2,1,0,2,2,,1.5,,0,0,0,24,0,2,,,
beckfr01,1884,1,PT1,AA,0,3,3,3,3,0,0,75,33,17,0,6,11,,6.12,,0,5,0,119,0,29,,,
beckfr01,1884,2,BLU,UA,0,2,2,2,1,0,0,27,17,8,0,4,7,,8,,0,,0,,0,13,,,
begleed01,1884,1,NY1,NL,12,18,31,30,30,0,0,798,296,123,9,99,104,0.26,4.16,,33,0,0,1223,1,209,,,
blackbo01,1884,1,KCU,UA,4,9,16,15,13,0,0,369,127,44,1,17,93,,3.22,,0,,0,,1,79,,,
blaisdi01,1884,1,KCU,UA,0,3,3,3,3,0,0,78,49,25,0,4,8,,8.65,,0,,0,,0,39,,,
bondto01,1884,1,BSU,UA,13,9,23,21,19,0,0,567,185,63,3,14,128,,3,,0,,0,,2,120,,,
bondto01,1884,2,IN2,AA,0,5,5,5,5,0,0,129,62,27,5,4,15,,5.65,,0,2,0,206,0,51,,,
boylehe01,1884,1,SLU,UA,15,3,19,16,16,2,1,450,118,29,3,10,88,,1.74,,0,,0,,3,63,,,
bradlge01,1884,1,CNU,UA,25,15,41,38,36,3,0,1026,350,103,7,23,168,,2.71,,0,,0,,3,203,,,
brillfr01,1884,1,DTN,NL,2,10,12,12,12,1,0,309,148,63,7,26,18,0.31,5.5,,4,0,0,500,0,98,,,
browned01,1884,1,TL1,AA,0,1,1,1,1,0,0,27,19,9,0,4,1,,9,,0,1,0,53,0,16,,,
brownji01,1884,3,SPU,UA,1,4,6,6,4,1,0,108,43,15,1,14,20,,3.75,,0,,0,,0,34,,,
brownji01,1884,2,NY1,NL,0,1,1,1,1,0,0,27,10,5,0,8,2,0.26,5,,2,0,0,46,0,9,,,
brownji01,1884,1,ALT,UA,1,9,11,11,7,0,0,222,99,44,0,36,39,,5.35,,0,,0,,0,80,,,
brownjo01,1884,1,CHN,NL,4,2,7,6,5,0,0,150,56,26,4,7,27,0.25,4.68,,1,0,0,224,1,36,,,
brownle01,1884,1,BSU,UA,0,0,1,0,0,0,1,3,6,4,0,1,0,,36,,0,,0,,1,7,,,
brownpe01,1884,1,LS2,AA,0,1,1,1,0,0,0,1,2,2,0,2,0,,54,,0,1,0,5,0,3,,,
brownto01,1884,1,CL5,AA,2,1,4,0,0,0,0,57,27,15,0,7,5,,7.11,,0,0,0,103,4,24,,,
buffich01,1884,1,BSN,NL,48,16,67,67,63,8,0,1761,506,140,15,76,417,0.21,2.15,,24,0,0,2383,0,225,,,
burkeja01,1884,1,BSU,UA,19,15,38,36,34,0,0,966,326,102,10,31,255,,2.85,,0,,0,,2,201,,,
burnsdi01,1884,1,CNU,UA,23,15,40,40,34,1,0,989,298,90,7,47,167,,2.46,,0,,0,,0,179,,,
burnsoy01,1884,2,BL2,AA,0,0,2,0,0,0,1,27,12,3,0,2,6,,3,,0,0,0,37,2,5,,,
cadych01,1884,1,CHU,UA,3,1,4,4,4,0,0,105,37,11,0,13,15,,2.83,,0,,0,,0,25,,,
cahiljo01,1884,1,CL5,AA,1,0,2,1,1,0,0,48,15,9,0,4,1,,5.06,,0,3,0,78,1,15,,,
carutbo01,1884,1,SL4,AA,7,2,13,7,7,0,0,248,61,24,1,15,58,,2.61,,0,3,0,341,6,34,,,
caseyda01,1884,1,WIL,UA,1,1,2,2,2,0,0,54,23,2,0,4,10,,1,,0,,0,,0,17,,,
cattajo01,1884,2,SLU,UA,1,1,2,2,2,0,0,51,12,4,0,4,13,,2.12,,0,,0,,0,10,,,
cattajo01,1884,1,PRO,NL,0,0,1,1,0,0,0,15,2,5,0,4,2,0.1,9,,3,0,0,24,0,7,,,
chattji01,1884,1,KCU,UA,0,1,1,1,0,0,0,15,11,2,0,2,2,,3.6,,0,,0,,0,7,,,
clarkjo01,1884,1,CHN,NL,10,3,14,13,12,0,0,354,94,28,10,25,102,0.2,2.14,,7,0,0,478,1,64,,,
colemjo01,1884,2,PH4,AA,0,2,3,2,2,0,0,63,28,8,0,2,5,,3.43,,0,4,0,98,1,14,,,
colemjo01,1884,1,PHI,NL,5,15,21,19,14,1,0,463,216,84,9,22,37,0.3,4.9,,8,0,0,724,2,147,,,
comisch01,1884,1,SL4,AA,0,0,1,0,0,0,0,12,1,1,0,0,4,,2.25,,0,0,0,17,1,1,,,
conleed01,1884,1,PRO,NL,4,4,8,8,8,1,0,213,63,17,4,22,33,0.22,2.15,,7,0,0,304,0,47,,,
connojo01,1884,2,KCU,UA,0,1,2,1,1,0,0,36,24,6,1,0,1,,4.5,,0,,0,,1,14,,,
connojo01,1884,1,ALT,UA,0,1,1,1,1,0,0,27,18,7,0,5,0,,7,,0,,0,,0,14,,,
connojo02,1884,1,BSN,NL,1,4,7,7,7,0,0,180,70,21,1,18,29,0.27,3.15,,3,0,0,273,0,44,,,
conwaji01,1884,1,BR3,AA,3,9,13,13,10,0,0,316,132,52,4,15,25,,4.44,,0,3,0,474,0,84,,,
corcoja01,1884,1,BR3,AA,0,0,1,0,0,0,0,3,0,0,0,1,0,,0,,0,0,0,5,1,0,,,
corcola01,1884,1,CHN,NL,35,23,60,59,57,7,0,1550,473,138,35,116,272,0.22,2.4,,27,0,0,2180,1,286,,,
corcomi01,1884,1,CHN,NL,0,1,1,1,1,0,0,27,16,4,1,7,2,0.37,4,,5,0,0,50,0,14,,,
corkhpo01,1884,1,CN2,AA,1,0,1,0,0,0,0,15,1,1,0,2,4,,1.8,,0,0,0,18,1,1,,,
coughed01,1884,1,BFN,NL,0,0,1,0,0,0,0,0,3,0,0,0,0,0.6,,,2,0,0,5,0,4,,,
craneed01,1884,1,BSU,UA,0,2,4,2,1,0,0,54,17,8,1,6,13,,4,,0,,0,,2,14,,,
crosbge01,1884,1,CHN,NL,1,2,3,3,3,0,0,84,27,11,3,12,11,0.22,3.54,,4,0,0,131,0,21,,,
crothdo01,1884,1,KCU,UA,1,2,3,3,3,0,0,75,26,5,0,6,11,,1.8,,0,,0,,0,15,,,
cudwoji01,1884,1,KCU,UA,0,0,2,1,1,0,0,51,19,8,1,3,6,,4.24,,0,,0,,1,16,,,
currywe01,1884,1,RIC,AA,0,2,2,2,2,0,0,48,15,9,2,3,1,,5.06,,0,1,0,72,0,14,,,
cushmed01,1884,1,MLU,UA,4,0,4,4,4,2,0,108,10,4,0,3,47,,1,,0,,0,,0,4,,,
dailyhu01,1884,2,WSU,UA,1,1,2,2,2,0,0,48,16,4,0,1,14,,2.25,,0,,0,,0,11,,,
dailyhu01,1884,1,CHU,UA,27,27,56,56,54,5,0,1454,430,131,11,71,469,,2.43,,0,,0,,0,217,,,
daniech01,1884,1,BSU,UA,0,2,2,2,2,0,0,50,20,8,0,2,12,,4.32,,0,,0,,0,14,,,
davisda01,1884,1,SL4,AA,10,12,25,24,20,1,0,595,196,64,1,35,143,,2.9,,0,14,0,837,1,113,,,
davisda01,1884,2,BSN,NL,1,3,4,4,3,0,0,93,50,27,2,8,13,0.35,7.84,,2,0,0,149,0,36,,,
deaglre01,1884,2,LS2,AA,4,6,12,12,8,0,0,262,80,25,0,13,23,,2.58,,0,7,0,356,0,43,,,
deaglre01,1884,1,CN2,AA,3,1,4,4,4,1,0,102,39,19,0,9,12,,5.03,,0,1,0,131,0,26,,,
dorgami01,1884,1,NY1,NL,8,6,14,14,12,0,0,339,98,44,5,51,90,0.21,3.5,,21,0,1,507,0,84,,,
dorseje01,1884,1,BLU,UA,0,1,1,1,0,0,0,12,7,4,1,0,3,,9,,1,,0,,0,8,,,
drewda01,1884,1,PHU,UA,0,1,1,0,0,0,0,21,7,3,0,0,2,,3.86,,0,,0,,1,5,,,
driscde01,1884,1,LS2,AA,6,6,13,13,10,0,0,306,110,39,3,7,16,,3.44,,0,2,0,446,0,69,,,
duganed01,1884,1,RIC,AA,5,14,20,20,20,0,0,499,196,83,5,15,60,,4.49,,0,2,0,751,0,137,,,
dundoed01,1884,1,CL5,AA,6,4,11,9,7,0,0,243,85,34,9,15,37,,3.78,,0,0,0,356,2,55,,,
dunlafr01,1884,1,SLU,UA,0,0,1,0,0,0,1,2,2,1,0,0,1,,13.5,,0,,0,,1,1,,,
edench01,1884,1,PT1,AA,0,1,2,1,1,0,0,36,12,8,1,3,3,,6,,0,1,0,51,1,9,,,
elybo01,1884,1,BFN,NL,0,1,1,1,0,0,0,15,17,8,1,5,4,0.5,14.4,,1,0,0,39,0,15,,,
emslibo01,1884,1,BL2,AA,32,17,50,50,50,4,0,1366,419,139,5,88,264,,2.75,,43,14,0,1936,0,241,,,
ewingbu01,1884,1,NY1,NL,0,1,1,1,1,0,0,24,7,1,0,4,3,0.24,1.13,,0,0,0,33,0,3,,,
ferguch01,1884,1,PHI,NL,21,25,50,47,46,2,1,1250,443,164,13,93,194,0.25,3.54,,33,0,0,1844,3,297,,,
firthte01,1884,1,RIC,AA,0,1,1,1,1,0,0,27,14,8,0,5,0,,8,,0,0,0,48,0,13,,,
fishe01,1884,1,PHU,UA,1,7,8,8,8,0,0,212,76,28,0,13,42,,3.57,,0,,0,,0,49,,,
fogarji01,1884,1,PHI,NL,0,0,1,0,0,0,0,3,2,0,0,0,1,0.33,0,,1,0,0,6,1,2,,,
foremfr01,1884,1,CHU,UA,1,2,3,3,1,0,0,54,23,8,0,2,10,,4,,0,,0,,0,17,,,
foremfr01,1884,2,KCU,UA,0,1,1,1,1,0,0,24,17,5,0,2,5,,5.63,,0,,0,,0,12,,,
foutzda01,1884,1,SL4,AA,15,6,25,25,19,2,0,620,167,50,7,36,95,,2.18,,0,9,0,833,0,100,,,
foxjo01,1884,1,PT1,AA,1,6,7,7,7,0,0,177,76,37,2,16,22,,5.64,,0,3,0,280,0,59,,,
gagusch01,1884,1,WSU,UA,10,9,23,21,19,0,0,532,143,50,2,38,156,,2.54,,0,,0,,2,100,,,
gallabi01,1884,1,PHU,UA,1,2,3,3,3,0,0,75,32,9,3,4,12,,3.24,,0,,0,,0,29,,,
galvilo01,1884,1,SPU,UA,0,2,3,3,3,0,0,75,21,8,0,10,17,,2.88,,0,,0,,0,18,,,
galvipu01,1884,1,BFN,NL,46,22,72,72,71,12,0,1909,566,141,23,63,369,0.22,1.99,,16,0,0,2554,0,254,,,
gardngi01,1884,2,CHU,UA,0,1,1,1,0,0,0,18,10,4,0,1,4,,6,,0,,0,,0,8,,,
geerbi01,1884,2,BR3,AA,0,0,2,0,0,0,0,15,14,7,0,3,1,,12.6,,0,0,0,26,2,12,,,
geisbi01,1884,1,DTN,NL,0,0,1,0,0,0,0,15,14,8,0,2,1,0.42,14.4,,0,0,0,35,1,16,,,
getzich01,1884,1,DTN,NL,5,12,17,17,17,1,0,442,118,32,2,25,107,0.2,1.95,,9,0,0,604,0,73,,,
glassja01,1884,1,CL2,NL,0,0,2,0,0,0,0,15,8,3,0,2,1,0.33,5.4,,1,0,0,26,2,6,,,
goldsfr01,1884,2,BL2,AA,3,1,4,4,3,0,0,90,29,9,0,2,11,,2.7,,0,1,0,125,0,12,,,
goldsfr01,1884,1,CHN,NL,9,11,21,21,20,1,0,564,245,89,11,29,34,0.29,4.26,,10,0,0,852,0,141,,,
gormaja01,1884,2,PT1,AA,1,2,3,3,3,0,0,75,22,13,0,5,10,,4.68,,0,1,0,110,0,20,,,
haganar01,1884,1,BFN,NL,1,2,3,3,3,0,0,78,53,17,1,4,4,0.38,5.88,,0,0,0,142,0,38,,,
hamiljo01,1884,1,WS7,AA,2,17,19,19,18,1,0,470,197,78,8,43,50,,4.48,,0,5,0,735,0,158,,,
harkijo01,1884,1,CL2,NL,12,32,46,45,42,3,0,1173,399,160,7,108,192,0.24,3.68,,48,0,0,1709,1,300,,,
heckegu01,1884,1,LS2,AA,52,20,75,73,72,6,0,2012,526,134,4,56,385,,1.8,,0,16,0,2649,2,230,,,
hendeha01,1884,1,BL2,AA,27,23,52,52,50,4,0,1318,382,128,9,116,346,,2.62,,0,16,0,1900,0,235,,,
henryjo01,1884,1,CL2,NL,1,4,5,5,5,1,0,126,46,17,2,26,23,0.25,3.64,,4,0,2,205,0,39,,,
hibbajo01,1884,1,CHN,NL,1,1,2,2,2,1,0,51,18,5,1,9,4,0.3,2.65,,0,0,0,69,0,10,,,
hickmer01,1884,1,KCU,UA,4,13,17,17,15,0,0,412,172,69,5,36,68,,4.52,,0,,0,,0,146,,,
hilsech01,1884,1,PH4,AA,2,1,3,3,3,0,0,81,29,14,0,5,10,,4.67,,0,0,0,118,0,19,,,
hinespa01,1884,1,PRO,NL,0,0,1,0,0,0,0,3,3,0,0,0,0,0.5,0,,1,0,0,6,0,1,,,
hodnech01,1884,1,SLU,UA,12,2,14,14,12,1,0,363,121,27,0,16,41,,2.01,,0,,0,,0,56,,,
horanjo01,1884,1,CHU,UA,3,6,13,10,9,0,0,294,94,38,0,24,55,,3.49,,0,,0,,3,73,,,
housech01,1884,1,CHU,UA,0,0,2,0,0,0,0,9,4,1,0,0,3,,3,,0,,0,,2,3,,,
hutchbi01,1884,1,KCU,UA,1,1,2,2,2,0,0,51,14,5,0,1,5,,2.65,,0,,0,,0,11,,,
irwinar01,1884,1,PRO,NL,0,0,1,0,0,0,0,9,5,1,0,1,0,0.35,3,,0,0,0,15,1,2,,,
keefeti01,1884,1,NY4,AA,37,17,58,58,56,4,0,1449,380,121,11,71,334,0.2,2.25,,0,15,0,1950,0,195,,,
keenaji01,1884,1,IN2,AA,0,0,1,0,0,0,0,9,2,1,0,0,0,,3,,0,0,0,11,1,1,,,
kellyki01,1884,1,CHN,NL,0,1,2,0,0,0,0,16,12,5,2,2,1,0.4,8.44,,2,0,0,32,0,11,,,
kented01,1884,1,TL1,AA,0,1,1,1,1,0,0,27,14,6,0,3,4,,6,,0,1,0,51,0,11,,,
kimbesa01,1884,1,BR3,AA,18,20,41,41,41,4,0,1084,364,153,6,72,122,,3.81,,0,15,0,1559,0,240,,,
kirbyjo01,1884,1,KCU,UA,0,1,2,2,1,0,0,33,13,5,0,2,1,,4.09,,0,,0,,0,10,,,
knighjo01,1884,1,PHI,NL,2,4,6,6,6,0,0,153,66,31,2,21,8,0.29,5.47,,2,0,0,246,0,53,,,
knighlo01,1884,1,PH4,AA,0,1,2,1,1,0,0,42,24,14,0,4,2,,9,,0,1,0,74,1,19,,,
kreegfr01,1884,1,KCU,UA,0,1,1,1,0,0,0,21,9,0,0,5,3,,0,,0,,0,,0,8,,,
lauerch01,1884,1,PT1,AA,0,2,3,3,2,0,0,57,23,16,0,9,8,,7.58,,0,3,0,95,0,25,,,
learyja01,1884,1,ALT,UA,0,3,3,3,2,0,0,72,31,14,0,2,7,,5.25,,0,,0,,0,30,,,
learyja01,1884,2,CHU,UA,0,2,2,1,1,0,0,30,14,6,0,5,6,,5.4,,0,,0,,1,14,,,
leeto01,1884,2,BLU,UA,5,8,15,14,12,0,0,366,121,46,1,29,81,,3.39,,0,,0,,1,88,,,
leeto01,1884,1,CHN,NL,1,4,5,5,5,0,0,136,55,19,12,15,14,0.27,3.77,,2,0,0,217,0,43,,,
lilliji01,1884,1,BFN,NL,0,1,2,1,0,0,0,39,22,9,0,5,4,0.32,6.23,,1,0,0,73,1,24,,,
lockwmi01,1884,1,WSU,UA,1,9,11,10,6,0,0,203,99,56,4,15,48,,7.45,,0,,0,,0,95,,,
lynchja01,1884,1,NY4,AA,37,15,55,54,54,5,0,1488,420,147,10,42,292,,2.67,,0,10,0,2002,1,226,,,
lynchto02,1884,1,CHN,NL,0,0,1,1,0,0,0,21,7,2,1,3,2,0.24,2.57,,0,0,0,32,0,4,,,
macarma01,1884,1,IN2,AA,1,5,6,6,6,0,0,156,57,29,1,21,19,,5.02,,0,2,0,240,0,49,,,
mathebo01,1884,1,PH4,AA,30,18,49,49,48,3,0,1292,401,159,10,49,286,,3.32,,0,12,0,1788,0,238,,,
mattecv01,1884,1,SLU,UA,1,0,1,1,0,0,0,18,9,6,1,3,3,,9,,0,,0,,0,11,,,
maulal01,1884,1,PHU,UA,0,1,1,1,1,0,0,24,10,4,0,1,7,,4.5,,0,,0,,0,7,,,
mccarto01,1884,1,BSU,UA,0,7,7,6,5,0,0,168,73,30,2,14,18,,4.82,,0,,0,,1,53,,,
mccaual01,1884,1,IN2,AA,2,7,10,9,9,0,0,228,87,43,2,25,34,,5.09,,0,0,0,358,1,74,,,
mccorje01,1884,1,PHU,UA,0,0,1,0,0,0,0,6,5,2,1,0,3,,9,,0,,0,,1,4,,,
mccorji01,1884,2,CNU,UA,21,3,24,24,24,7,0,630,151,36,3,14,161,,1.54,,0,,0,,0,57,,,
mccorji01,1884,1,CL2,NL,19,22,42,41,39,3,0,1077,357,114,17,75,182,0.24,2.86,,12,0,0,1518,1,206,,,
mcelrji01,1884,1,PHI,NL,1,12,13,13,13,0,0,333,115,60,1,54,45,0.25,4.86,,46,0,0,507,0,112,,,
mcelrji01,1884,2,WIL,UA,0,1,1,1,0,0,0,15,10,6,0,0,3,,10.8,,0,,0,,0,6,,,
mcfarch01,1884,1,BLU,UA,0,1,1,1,0,0,0,9,9,5,1,1,3,,15,,0,,0,,0,10,,,
mcginju01,1884,1,SL4,AA,24,16,40,40,39,5,0,1063,331,112,4,35,141,,2.84,,0,12,0,1466,0,196,,,
mckeola01,1884,1,IN2,AA,18,41,61,60,59,2,0,1536,488,199,20,94,308,,3.5,,0,18,0,2185,1,350,,,
mclauba01,1884,1,KCU,UA,1,3,7,4,4,0,0,146,62,29,2,15,14,,5.36,,0,,0,,3,44,,,
mclaufr01,1884,3,KCU,UA,0,0,2,1,0,0,0,30,15,6,0,2,3,,5.4,,0,,0,,1,12,,,
mclauji01,1884,1,BL2,AA,1,2,3,2,2,0,0,66,27,9,2,11,8,,3.68,,0,0,0,101,1,22,,,
mcsortr01,1884,1,TL1,AA,0,0,1,0,0,0,0,6,5,1,0,0,1,,4.5,,0,0,0,9,1,2,,,
meegape01,1884,1,RIC,AA,7,12,22,22,22,1,0,537,177,86,7,29,106,,4.32,,0,14,0,763,0,130,,,
meinkfr01,1884,1,DTN,NL,8,23,35,31,31,1,0,867,341,102,10,63,124,0.27,3.18,,15,0,0,1303,4,217,,,
millecy01,1884,1,CHU,UA,1,0,1,1,1,0,0,27,4,1,0,0,13,,1,,1,,0,,0,2,,,
millecy01,1884,2,PRO,NL,3,2,6,5,2,0,0,104,36,8,0,11,12,0.25,2.08,,11,0,0,150,1,24,,,
millecy01,1884,3,PHI,NL,0,1,1,1,1,0,0,27,17,10,5,6,1,0.38,10,,4,0,0,50,0,19,,,
moffesa01,1884,1,CL2,NL,3,19,24,22,21,0,0,593,236,85,9,58,84,0.28,3.87,,29,0,0,890,2,165,,,
moriage01,1884,2,IN2,AA,0,2,2,2,2,0,0,41,16,8,0,7,4,,5.27,,1,1,0,68,0,13,,,
morrie01,1884,1,BLU,UA,0,0,1,0,0,0,0,3,2,1,0,2,0,,9,,0,,0,,0,2,,,
morried01,1884,1,CL5,AA,34,13,52,52,47,3,0,1289,335,104,3,51,302,,2.18,,0,13,0,1703,0,159,,,
morrijo01,1884,1,BSN,NL,0,1,7,1,1,0,2,69,34,19,0,6,13,0.31,7.43,,5,0,0,114,6,23,,,
mortoch01,1884,1,TL1,AA,0,1,3,1,1,0,0,70,18,8,0,5,7,,3.09,,0,1,0,92,2,14,,,
mortosp01,1884,1,PHI,NL,0,2,2,2,2,0,0,51,16,10,0,11,5,0.22,5.29,,4,0,0,83,0,20,,,
mountbi01,1884,1,CN2,AA,19,12,33,33,32,3,0,867,274,94,5,43,96,,2.93,,18,16,0,1193,0,148,,,
mountfr01,1884,1,CL5,AA,23,17,42,41,40,5,1,1082,289,98,7,78,156,,2.45,,0,11,0,1473,1,163,,,
mullato01,1884,1,TL1,AA,36,26,67,65,64,7,0,1701,481,159,5,89,325,,2.52,,0,32,0,2364,2,276,,,
murphco01,1884,1,PHI,NL,0,3,3,3,3,0,0,78,37,19,1,6,10,0.31,6.58,,5,0,0,122,0,34,,,
murphjo01,1884,2,WIL,UA,0,6,7,6,5,0,0,144,52,16,3,2,27,,3,,0,,0,,1,36,,,
murphjo01,1884,1,ALT,UA,5,6,14,10,10,0,0,335,141,48,3,9,46,,3.87,,0,,0,,4,90,,,
neaglja01,1884,1,PT1,AA,11,26,38,38,37,2,0,978,354,135,6,70,85,,3.73,,0,18,0,1474,0,219,,,
nelsobi01,1884,1,PT1,AA,1,2,3,3,3,0,0,78,26,13,1,8,6,,4.5,,5,4,0,115,0,21,,,
nolanth01,1884,1,WIL,UA,1,4,5,5,5,0,0,120,44,13,1,7,52,,2.93,,0,,0,,0,28,,,
oberbhe01,1884,1,BLU,UA,0,0,2,1,0,0,0,18,9,2,0,2,1,,3,,0,,0,,1,3,,,
oberbhe01,1884,2,KCU,UA,0,5,6,4,3,0,0,89,47,19,0,3,6,,5.76,,0,,0,,2,35,,,
obriebi01,1884,1,SPU,UA,1,0,2,0,0,0,0,30,8,2,0,3,7,,1.8,,0,,0,,2,5,,,
odayha01,1884,1,TL1,AA,9,28,41,40,35,2,1,980,335,136,6,66,163,,3.75,,0,18,0,1412,1,241,,,
oneilti01,1884,1,SL4,AA,11,4,17,14,14,0,0,423,125,42,3,51,36,,2.68,,0,4,0,625,3,95,,,
orourji01,1884,1,BFN,NL,0,1,4,0,0,0,1,38,7,4,0,1,3,0.17,2.84,,0,0,0,41,3,5,,,
pfefffr01,1884,1,CHN,NL,0,0,1,0,0,0,0,3,3,1,0,1,0,0.33,9,,1,0,0,10,1,2,,,
poormto01,1884,1,TL1,AA,0,1,1,1,1,0,0,27,13,3,1,2,0,,3,,0,0,0,44,0,11,,,
portehe01,1884,1,MLU,UA,3,3,6,6,6,1,0,153,32,17,1,9,71,,3,,0,,0,,0,25,,,
powelab01,1884,1,WSU,UA,6,12,18,17,14,1,0,402,135,51,3,19,78,,3.43,,0,,0,,1,107,,,
purcebl01,1884,1,PHI,NL,0,0,1,0,0,0,0,12,3,1,1,0,1,0.18,2.25,,2,0,0,16,1,1,,,
pylesh01,1884,1,PHI,NL,0,1,1,1,1,0,0,27,9,4,0,6,4,0.25,4,,1,0,0,41,0,8,,,
radboch01,1884,1,PRO,NL,59,12,75,73,73,11,1,2036,528,104,18,98,441,0.2,1.38,,34,0,0,2672,2,216,,,
radfopa01,1884,1,PRO,NL,0,2,2,2,1,0,0,39,27,11,0,3,2,0.4,7.62,,1,0,0,70,0,19,,,
recciph01,1884,1,LS2,AA,6,7,18,11,11,0,0,388,118,39,2,19,46,,2.71,,0,4,0,540,7,80,,,
robinya01,1884,1,BLU,UA,3,3,11,3,3,0,0,225,96,29,1,18,61,,3.48,,0,,0,,8,61,,,
roweda01,1884,1,SLU,UA,1,0,1,1,1,0,0,27,10,2,0,0,2,,2,,0,,0,,0,3,,,
ryanjo02,1884,1,BLU,UA,3,2,6,6,5,0,0,153,61,19,1,16,33,,3.35,,0,,0,,0,42,,,
seradbi01,1884,1,BFN,NL,16,20,37,37,34,2,0,924,373,146,21,111,150,0.28,4.27,,42,0,0,1440,2,285,,,
shallgu01,1884,1,CN2,AA,11,10,23,23,23,0,0,599,163,82,6,53,78,,3.7,,0,26,0,847,0,113,,,
shawdu01,1884,2,BSU,UA,21,15,39,38,35,5,0,947,227,62,1,37,309,,1.77,,0,,0,,1,128,,,
shawdu01,1884,1,DTN,NL,9,18,28,28,25,0,0,683,219,77,8,72,142,0.23,3.04,,9,0,0,998,0,153,,,
smith01,1884,1,BLU,UA,0,0,1,1,0,0,0,18,12,6,0,2,2,,9,,0,,0,,0,9,,,
smithed01,1884,1,WS7,AA,0,2,3,2,2,0,0,66,27,12,0,5,4,,4.91,,0,1,0,104,1,23,,,
smithed05,1884,1,BLU,UA,3,4,9,8,5,0,0,186,86,24,2,17,13,,3.48,,0,,0,,1,63,,,
smithge01,1884,1,ALT,UA,0,0,1,0,0,0,0,3,3,1,0,0,1,,9,,0,,0,,1,2,,,
smithph01,1884,1,PH4,AA,0,1,1,1,1,0,0,27,14,4,0,1,3,,4,,1,0,0,39,0,6,,,
smithph01,1884,2,PT1,AA,0,1,1,1,1,0,0,24,11,8,0,2,4,,9,,1,1,0,39,0,10,,,
striccu01,1884,1,PH4,AA,0,0,1,0,0,0,0,9,6,2,0,1,1,,6,,0,0,0,19,1,2,,,
sullifl01,1884,1,PT1,AA,16,35,51,51,51,2,0,1323,496,206,15,96,189,,4.2,,0,20,0,1967,0,328,,,
sullipa01,1884,1,KCU,UA,0,1,1,1,0,0,0,21,15,9,1,5,1,,11.57,,0,,0,,0,17,,,
sullisl01,1884,1,SLU,UA,1,0,1,1,0,0,0,18,10,3,0,0,3,,4.5,,0,,0,,0,6,,,
sullito01,1884,1,CL5,AA,2,2,4,4,4,0,0,93,42,14,2,3,12,,4.06,,3,0,0,135,0,22,,,
swarted01,1884,1,PT1,AA,0,0,1,0,0,0,0,7,6,3,0,1,0,,11.57,,0,0,0,16,1,5,,,
sweenbi01,1884,1,BLU,UA,40,21,62,60,58,4,0,1614,522,155,13,74,374,,2.59,,0,,0,,2,294,,,
sweench01,1884,1,PRO,NL,17,8,27,24,22,4,1,663,153,38,4,29,145,0.18,1.55,,10,0,0,846,3,70,,,
sweench01,1884,2,SLU,UA,24,7,33,32,31,2,0,813,207,55,2,13,192,,1.83,,0,,0,,1,112,,,
sylvelo01,1884,1,CNU,UA,0,1,6,1,1,0,1,98,32,13,0,6,7,,3.58,,0,,0,,5,27,,,
taylobi01,1884,1,SLU,UA,25,4,33,29,29,2,4,789,222,49,2,40,154,,1.68,,0,,0,,4,97,,,
taylobi01,1884,2,PH4,AA,18,12,30,30,30,1,0,780,232,73,3,44,130,,2.53,,0,12,0,1115,0,118,,,
tennefr01,1884,3,WIL,UA,0,1,1,1,1,0,0,24,6,1,0,4,10,,1.13,,0,,0,,0,5,,,
tennefr01,1884,2,BSU,UA,3,1,4,4,4,0,0,105,31,9,0,5,18,,2.31,,0,,0,,0,21,,,
terryad01,1884,1,BR3,AA,19,35,56,55,54,2,0,1428,486,188,10,72,230,,3.55,,0,8,0,2046,1,308,,,
thompar01,1884,1,WSU,UA,0,1,1,1,1,0,0,24,10,6,0,3,8,,6.75,,0,,0,,0,11,,,
trumbed01,1884,1,WS7,AA,1,9,10,10,10,0,0,252,108,44,4,31,43,,4.71,,14,1,0,398,0,90,,,
veachpe01,1884,1,KCU,UA,3,9,12,12,12,0,0,312,95,28,1,10,62,,2.42,,0,,0,,0,57,,,
vintobi01,1884,1,PHI,NL,10,10,21,21,20,0,0,546,166,45,6,35,105,0.22,2.23,,20,0,0,789,0,131,,,
vossal01,1884,1,WSU,UA,5,14,27,20,18,0,0,559,206,74,2,32,112,,3.57,,0,,0,,7,136,,,
vossal01,1884,2,KCU,UA,0,6,7,6,6,0,0,159,74,25,2,7,17,,4.25,,0,,0,,1,45,,,
wardjo01,1884,1,NY1,NL,3,3,9,5,5,0,0,182,72,23,2,18,23,0.28,3.41,,6,0,0,275,3,43,,,
weavesa01,1884,1,PHU,UA,5,10,17,17,14,0,0,408,206,87,3,11,40,,5.76,,0,,0,,0,146,,,
welchmi01,1884,1,NY1,NL,39,21,65,65,62,4,0,1672,528,155,12,146,345,0.23,2.5,,39,0,0,2370,1,275,,,
werdepe01,1884,1,SLU,UA,12,1,16,16,12,1,0,424,113,31,1,22,51,,1.97,,0,,0,,0,61,,,
wheelha01,1884,2,KCU,UA,0,1,1,1,1,0,0,24,7,1,0,0,6,,1.13,,0,,0,,0,6,,,
whitemi01,1884,1,SLU,UA,0,1,1,1,1,0,0,24,14,8,0,2,2,,9,,3,,0,,0,9,,,
whitewi01,1884,1,CN2,AA,34,18,52,52,52,7,0,1368,479,168,16,74,118,,3.32,,0,35,0,1986,0,224,,,
whitnji01,1884,1,BSN,NL,23,14,38,37,35,6,0,1008,272,78,12,27,270,0.2,2.09,,18,0,0,1343,1,140,,,
wiedmst01,1884,1,DTN,NL,4,21,26,26,24,0,0,638,257,88,9,57,96,0.27,3.72,,7,0,0,1000,0,179,,,
willine01,1884,1,CHN,NL,0,0,2,0,0,0,0,6,8,4,0,2,0,0.5,18,,1,0,0,18,1,8,,,
wisebi01,1884,1,WSU,UA,23,18,50,41,34,4,0,1093,383,123,5,60,268,,3.04,,0,,0,,8,219,,,
wymanfr01,1884,1,KCU,UA,0,1,3,1,1,0,0,63,37,16,0,3,9,,6.86,,0,,0,,2,29,,,
bakerno01,1885,1,LS2,AA,13,12,25,24,24,1,0,651,210,82,3,69,79,,3.4,,19,10,0,952,1,142,,,
baldwki01,1885,1,CN2,AA,0,0,2,1,0,0,0,12,5,4,0,6,1,,9,,0,0,0,23,1,6,,,
baldwla01,1885,1,DTN,NL,11,9,21,20,19,1,1,538,137,37,2,28,135,0.19,1.86,,8,0,0,724,1,84,,,
becanbu01,1885,1,NY4,AA,2,8,10,10,10,0,0,255,108,59,5,24,13,,6.25,,13,5,0,394,0,84,,,
begleed01,1885,1,NY4,AA,4,9,15,14,10,0,0,345,131,63,5,48,44,,4.93,,17,8,0,527,1,102,,,
boylehe01,1885,1,SL5,NL,16,24,42,39,39,1,0,1100,346,112,2,100,133,0.23,2.75,,24,0,0,1547,3,207,,,
brownjo01,1885,1,BL2,AA,0,4,4,4,4,0,0,114,52,24,0,4,9,,5.68,,2,0,0,174,0,33,,,
brownto01,1885,1,PT1,AA,0,0,2,0,0,0,0,18,0,2,0,3,2,,3,,2,3,0,29,2,3,,,
buffich01,1885,1,BSN,NL,22,27,51,50,49,6,0,1303,425,139,10,112,242,0.24,2.88,,28,0,2,1838,1,238,,,
burnsdi01,1885,1,SL5,NL,0,0,1,0,0,0,0,9,3,3,0,0,2,0.25,9,,1,0,0,12,1,3,,,
burnsoy01,1885,1,BL2,AA,7,4,15,11,10,1,3,317,112,42,2,21,30,,3.58,,23,13,0,455,4,76,,,
carutbo01,1885,1,SL4,AA,40,13,53,53,53,6,0,1447,430,111,3,57,190,,2.07,,21,19,0,1948,0,196,,,
caseyda01,1885,1,DTN,NL,4,8,12,12,12,1,0,312,105,38,1,35,79,0.25,3.29,,2,0,0,445,0,61,,,
clarkjo01,1885,1,CHN,NL,53,16,70,70,68,10,0,1869,497,128,21,97,308,0.2,1.85,,14,0,0,2487,0,255,,,
colemjo01,1885,1,PH4,AA,2,2,8,3,3,0,0,181,82,23,0,5,12,,3.43,,5,0,0,229,4,46,,,
connojo02,1885,1,BFN,NL,0,1,1,1,1,0,0,27,14,4,0,2,0,0.37,4,,1,0,0,39,0,9,,,
connojo02,1885,2,LS2,AA,1,3,4,4,4,0,0,105,43,19,0,12,19,,4.89,,2,2,0,160,0,27,,,
conwaji01,1885,1,PH4,AA,0,1,2,2,1,0,0,37,19,10,0,2,0,,7.3,,2,0,0,55,0,16,,,
conwape01,1885,1,BFN,NL,10,17,27,27,26,1,0,630,256,109,10,44,94,0.28,4.67,,21,0,0,937,0,173,,,
corcola01,1885,2,NY1,NL,2,1,3,3,2,0,0,75,24,8,1,11,10,0.24,2.88,,2,0,0,109,0,12,,,
corcola01,1885,1,CHN,NL,5,2,7,7,6,1,0,178,63,24,2,24,10,0.25,3.64,,2,0,0,267,0,38,,,
coreyfr01,1885,1,PH4,AA,1,0,1,1,1,0,0,27,18,7,2,1,3,,7,,2,0,0,44,0,9,,,
corkhpo01,1885,1,CN2,AA,1,4,8,1,0,0,1,111,36,15,2,10,12,,3.65,,3,1,0,159,7,25,,,
crothdo01,1885,1,NY4,AA,7,11,18,18,18,1,0,462,192,87,4,49,40,,5.08,,12,2,0,706,0,135,,,
cushmed01,1885,2,NY4,AA,8,14,22,22,22,0,0,573,158,59,2,33,133,,2.78,,21,3,0,790,0,105,,,
cushmed01,1885,1,PH4,AA,3,7,10,10,10,0,0,261,101,34,1,17,37,,3.52,,13,3,0,396,0,77,,,
dailyed01,1885,1,PHI,NL,26,23,50,50,49,4,0,1320,370,108,12,90,140,0.21,2.21,,40,0,0,1797,0,212,,,
dailyhu01,1885,1,SL5,NL,3,8,11,11,10,1,0,274,92,40,5,44,31,0.25,3.94,,2,0,0,409,0,72,,,
davisda01,1885,1,BSN,NL,5,6,11,11,10,1,0,283,110,45,2,28,30,0.28,4.29,,9,0,0,421,0,58,,,
edench01,1885,1,PT1,AA,1,2,4,1,0,0,0,47,22,9,0,3,5,,5.17,,3,0,0,73,3,13,,,
emslibo01,1885,1,BL2,AA,3,10,13,13,11,0,0,321,131,51,0,30,27,,4.29,,12,5,0,474,0,87,,,
emslibo01,1885,2,PH4,AA,0,4,4,4,3,0,0,86,37,20,1,6,9,,6.28,,3,0,0,145,0,30,,,
ewingbu01,1885,1,NY1,NL,0,1,1,0,0,0,0,6,4,1,0,3,0,0.44,4.5,,0,0,0,12,1,4,,,
ferguch01,1885,1,PHI,NL,26,20,48,45,45,5,0,1215,345,100,5,81,197,0.21,2.22,,15,0,3,1657,3,197,,,
fishe01,1885,1,BFN,NL,0,1,1,1,1,0,0,27,10,5,0,2,4,0.25,5,,2,0,0,41,0,9,,,
foleyjo01,1885,1,PRO,NL,0,1,1,1,1,0,0,24,6,4,0,5,2,0.18,4.5,,1,0,0,37,0,7,,,
foremfr01,1885,1,BL2,AA,2,1,3,3,2,0,0,81,33,18,0,9,11,,6,,5,1,0,126,0,32,,,
foutzda01,1885,1,SL4,AA,33,14,47,46,46,2,0,1223,351,119,8,92,147,,2.63,,22,18,0,1659,1,200,,,
galvipu01,1885,2,PT1,AA,3,7,11,11,9,0,0,265,97,36,2,7,27,,3.67,,7,0,0,372,0,64,,,
galvipu01,1885,1,BFN,NL,13,19,33,32,31,3,1,852,356,129,8,37,93,0.29,4.09,,14,0,0,1255,1,204,,,
gardngi01,1885,1,BL2,AA,0,1,1,1,1,0,0,27,16,10,2,6,3,,10,,1,1,0,49,0,13,,,
getzich01,1885,1,DTN,NL,12,25,37,37,37,1,0,990,360,111,8,92,110,0.26,3.03,,13,0,0,1455,0,222,,,
hallsch01,1885,1,PRO,NL,0,1,1,1,1,0,0,27,18,11,3,6,0,0.4,11,,1,0,0,50,0,16,,,
hankifr01,1885,1,NY4,AA,0,0,1,0,0,0,0,6,2,1,1,1,0,,4.5,,0,0,0,5,0,1,,,
harkijo01,1885,1,BR3,AA,14,20,34,34,33,1,0,879,303,122,7,56,141,,3.75,,39,7,0,1276,0,224,,,
healyjo01,1885,1,SL5,NL,1,7,8,8,8,0,0,198,54,22,0,20,32,0.21,3,,14,0,0,277,0,37,,,
heckegu01,1885,1,LS2,AA,30,23,53,53,51,2,0,1440,454,116,6,54,209,,2.18,,15,18,0,1988,0,252,,,
hendeha01,1885,1,BL2,AA,25,35,61,61,59,0,0,1618,539,191,7,117,263,,3.19,,55,19,0,2268,0,311,,,
henryjo01,1885,1,BL2,AA,2,7,9,9,9,0,0,213,71,34,0,13,31,,4.31,,5,2,0,303,0,55,,,
hoffojo01,1885,1,PT1,AA,0,3,3,3,3,0,0,75,28,10,1,9,21,,3.6,,5,0,0,111,0,16,,,
hughebi01,1885,1,PH4,AA,0,2,2,2,2,0,0,50,18,9,0,10,4,,4.86,,3,2,0,79,0,17,,,
keefeti01,1885,1,NY1,NL,32,13,46,46,45,7,0,1200,300,70,6,102,227,0.2,1.58,,35,0,0,1577,0,154,,,
keenaji01,1885,1,CN2,AA,0,0,1,0,0,0,0,24,7,1,0,1,0,,1.13,,0,0,0,31,1,2,,,
kennete01,1885,1,CHN,NL,7,2,9,9,8,0,0,236,91,30,5,28,36,0.28,3.43,,6,0,0,344,0,54,,,
kimbesa01,1885,1,PRO,NL,0,1,1,1,1,0,0,24,15,10,1,5,4,0.4,11.25,,1,0,0,42,0,13,,,
kirbyjo01,1885,1,SL5,NL,5,8,14,14,14,0,0,388,118,51,0,44,46,0.24,3.55,,10,0,1,534,0,66,,,
knighlo01,1885,1,PH4,AA,0,0,1,0,0,0,0,15,4,1,0,2,1,,1.8,,1,0,0,21,1,1,,,
knighlo01,1885,2,PRO,NL,0,0,1,0,0,0,0,12,4,3,1,4,1,0.23,6.75,,1,0,0,21,1,4,,,
knoufed01,1885,1,PH4,AA,7,6,14,13,12,0,0,318,103,43,0,44,43,,3.65,,15,9,0,505,2,76,,,
lovetto01,1885,1,PH4,AA,7,8,16,16,15,1,0,416,130,57,3,38,56,,3.7,,18,5,0,594,0,96,,,
lynchja01,1885,1,NY4,AA,23,21,44,43,43,1,0,1137,410,152,17,42,177,,3.61,,28,3,0,1606,1,243,,,
maculji01,1885,1,BL2,AA,0,0,1,0,0,0,0,3,0,0,0,0,0,,0,,0,0,0,3,1,0,,,
mathebo01,1885,1,PH4,AA,30,17,48,48,46,2,0,1267,394,114,3,57,286,,2.43,,20,20,0,1766,0,229,,,
maysal01,1885,1,LS2,AA,6,11,17,17,17,0,0,450,129,46,3,43,61,,2.76,,15,8,0,639,0,102,,,
mccaf01,1885,1,CN2,AA,1,0,1,1,1,0,0,27,13,6,1,2,2,,6,,2,2,0,42,0,9,,,
mccorji01,1885,2,CHN,NL,20,4,24,24,24,3,0,645,187,58,8,40,88,0.22,2.43,,3,0,0,873,0,103,,,
mccorji01,1885,1,PRO,NL,1,3,4,4,4,0,0,111,34,10,1,20,8,0.23,2.43,,7,0,0,165,0,26,,,
mcginju01,1885,1,SL4,AA,6,6,13,13,12,3,0,336,98,42,1,19,41,,3.38,,11,6,0,461,0,65,,,
mckeola01,1885,1,CN2,AA,20,13,33,33,32,2,0,870,273,92,5,50,117,,2.86,,8,13,0,1196,0,143,,,
meegape01,1885,1,PT1,AA,7,8,18,16,14,1,0,438,146,55,1,38,58,,3.39,,7,10,0,640,2,90,,,
meinkfr01,1885,1,DTN,NL,0,1,1,1,0,0,0,15,13,2,0,4,0,0.43,3.6,,0,0,0,34,0,12,,,
moriage01,1885,1,DTN,NL,0,0,1,0,0,0,0,6,3,2,0,1,1,0.3,9,,1,0,0,11,1,3,,,
morried01,1885,1,PT1,AA,39,24,63,63,63,7,0,1743,459,152,5,101,298,,2.35,,25,14,0,2321,0,245,,,
mountbi01,1885,1,CN2,AA,10,7,17,17,17,1,0,461,149,54,5,52,50,,3.16,,15,7,0,666,0,89,,,
mountbi01,1885,2,BL2,AA,2,4,6,6,6,1,0,159,72,32,1,13,15,,5.43,,2,4,0,231,0,47,,,
mountfr01,1885,1,PT1,AA,1,4,5,5,5,0,0,138,56,22,1,24,7,,4.3,,3,2,0,201,0,31,,,
nolanth01,1885,1,PHI,NL,1,5,7,7,6,0,0,162,55,25,1,24,20,0.25,4.17,,5,0,0,239,0,43,,,
odayha01,1885,1,PT1,AA,5,7,12,12,10,0,0,309,110,42,4,16,36,,3.67,,7,7,0,449,0,77,,,
orrda01,1885,1,NY4,AA,0,0,3,0,0,0,0,30,11,8,2,5,1,,7.2,,1,0,0,53,3,13,,,
palme01,1885,1,SL5,NL,0,4,4,4,4,0,0,102,46,13,2,20,9,0.31,3.44,,6,0,0,168,0,33,,,
pechige01,1885,1,CN2,AA,7,4,11,11,11,1,0,294,95,22,1,30,49,,2.02,,7,6,0,421,0,45,,,
peoplji01,1885,1,CN2,AA,0,2,2,2,1,0,0,45,30,20,0,2,4,,12,,2,3,0,82,0,28,,,
pfefffr01,1885,1,CHN,NL,2,1,5,2,2,0,2,95,26,9,1,8,13,0.22,2.56,,3,0,0,125,3,15,,,
portehe01,1885,1,BR3,AA,33,21,54,54,53,2,0,1445,427,149,11,107,197,,2.78,,26,16,0,2035,0,261,,,
purcebl01,1885,1,PH4,AA,0,1,1,0,0,0,0,18,11,4,0,2,3,,6,,2,0,0,28,1,9,,,
radboch01,1885,1,PRO,NL,28,21,49,49,49,2,0,1337,423,109,4,83,154,0.24,2.2,,34,0,0,1841,0,209,,,
radfopa01,1885,1,PRO,NL,0,2,3,2,2,0,0,55,34,16,1,8,3,0.37,7.85,,1,0,0,98,0,27,,,
ramseto01,1885,1,LS2,AA,3,6,9,9,9,0,0,237,44,17,1,28,83,,1.94,,8,1,0,322,0,38,,,
recciph01,1885,1,LS2,AA,0,4,7,5,4,0,1,120,46,17,0,11,10,,3.83,,6,1,0,194,2,35,,,
richada01,1885,1,NY1,NL,7,1,9,8,7,1,0,225,58,20,0,18,21,0.2,2.4,,1,0,0,301,1,30,,,
richaha01,1885,1,BFN,NL,0,0,1,0,0,0,0,12,5,1,0,3,1,0.29,2.25,,2,0,0,20,1,2,,,
rosemch01,1885,1,NY4,AA,0,1,1,1,0,0,0,3,3,3,0,2,0,,27,,0,0,0,11,0,5,,,
seradbi01,1885,1,BFN,NL,7,21,30,29,27,0,0,724,299,110,5,80,90,0.29,4.1,,38,0,0,1102,1,194,,,
sewared01,1885,1,PRO,NL,0,0,1,0,0,0,0,18,2,0,0,0,1,0.1,0,,2,0,0,20,1,0,,,
shallgu01,1885,1,CN2,AA,6,4,13,12,7,0,0,274,95,33,1,33,15,,3.25,,14,13,0,404,1,59,,,
shawdu01,1885,1,PRO,NL,23,26,49,49,47,6,0,1199,343,114,7,99,194,0.2,2.57,,32,0,0,1740,0,209,,,
smithed01,1885,1,PRO,NL,1,0,1,1,1,0,0,27,9,1,0,0,1,0.27,1,,2,0,0,33,0,3,,,
smithph01,1885,2,PH4,AA,0,1,1,1,0,0,0,12,7,4,0,4,7,,9,,3,1,0,24,0,9,,,
smithph01,1885,1,BR3,AA,0,1,1,1,1,0,0,24,12,11,0,6,2,,12.38,,3,1,0,47,0,18,,,
sommejo01,1885,1,BL2,AA,0,0,2,0,0,0,1,9,6,3,0,0,0,,9,,1,0,0,14,2,3,,,
stellbi01,1885,1,PRO,NL,0,1,1,1,1,0,0,24,14,7,0,4,0,0.38,7.88,,3,0,0,40,0,10,,,
stemmbi01,1885,1,BSN,NL,1,1,2,2,2,1,0,33,7,0,0,11,8,0.19,0,,2,0,0,47,0,7,,,
sweench01,1885,1,SL5,NL,11,21,35,35,32,2,0,825,276,120,6,50,84,0.25,3.93,,14,0,0,1155,0,175,,,
taylobi01,1885,1,PH4,AA,1,5,6,6,6,0,0,157,68,19,0,9,11,,3.27,,6,1,0,208,0,35,,,
terryad01,1885,1,BR3,AA,6,17,25,23,23,0,1,627,213,99,9,42,96,,4.26,,12,4,0,860,2,147,,,
vintobi01,1885,2,PH4,AA,4,3,7,7,6,2,0,165,46,15,1,15,34,,2.45,,2,4,0,249,0,41,,,
vintobi01,1885,1,PHI,NL,3,6,9,9,8,0,0,231,90,26,0,23,21,0.26,3.04,,3,0,0,357,0,59,,,
wardjo03,1885,1,PRO,NL,0,1,1,1,1,0,0,24,10,4,0,1,3,0.28,4.5,,0,0,0,36,0,7,,,
welchmi01,1885,1,NY1,NL,44,11,56,55,55,7,1,1476,372,91,4,131,258,0.2,1.66,,39,0,1,1963,1,170,,,
wetzesh01,1885,1,BL2,AA,0,2,2,2,1,0,0,51,27,16,0,9,6,,8.47,,9,3,2,93,0,26,,,
whitewi01,1885,1,CN2,AA,18,15,34,34,33,2,0,880,295,115,9,64,80,,3.53,,25,27,0,1249,0,169,,,
whitnji01,1885,1,BSN,NL,18,32,51,50,50,2,0,1324,503,146,14,37,200,0.27,2.98,,32,0,0,1887,1,286,,,
wiedmst01,1885,1,DTN,NL,14,24,38,38,37,3,0,990,343,115,7,63,149,0.25,3.14,,15,0,0,1422,0,198,,,
willine01,1885,1,CHN,NL,0,0,2,0,0,0,2,18,2,0,0,0,3,0.08,0,,0,0,0,25,2,0,,,
williwa01,1885,1,CHN,NL,0,0,1,1,0,0,0,6,2,3,0,5,0,0.4,13.5,,1,0,0,10,0,5,,,
wolfji01,1885,1,LS2,AA,0,0,1,0,0,0,0,3,1,1,0,0,1,,9,,0,0,0,5,0,2,,,
woodge01,1885,1,DTN,NL,0,0,1,0,0,0,0,12,5,0,0,1,1,0.33,0,,2,0,0,16,1,2,,,
woodpe01,1885,1,BFN,NL,8,15,24,22,21,0,0,596,235,98,8,66,38,0.28,4.44,,21,0,0,906,2,170,,,
atkinal01,1886,1,PH4,AA,25,17,45,45,44,1,0,1190,414,174,11,101,154,,3.95,,23,22,0,1743,0,288,,,
aydelja01,1886,1,PH4,AA,0,2,2,2,2,0,0,54,21,8,0,12,5,,4,,0,0,0,81,0,11,,,
baldwla01,1886,1,DTN,NL,42,13,56,56,55,7,0,1461,371,121,11,100,323,0.2,2.24,,22,0,0,1936,0,194,,,
barrbo01,1886,1,WS8,NL,3,18,22,22,21,1,0,572,216,91,7,54,80,0.27,4.3,,22,0,0,844,0,150,,,
baueral01,1886,1,SL5,NL,0,4,4,4,3,0,0,86,31,19,1,27,13,0.26,5.97,,9,0,0,143,0,27,,,
bickhda01,1886,1,CN2,AA,1,0,1,1,1,0,0,27,13,3,0,3,6,,3,,0,0,0,40,0,11,,,
bierblo01,1886,1,PH4,AA,0,0,2,0,0,0,0,32,8,5,0,5,1,,4.22,,0,0,0,50,2,9,,,
bishobi01,1886,1,PT1,AA,0,1,2,2,2,0,0,51,17,6,0,11,4,,3.18,,0,1,0,89,0,14,,,
boylehe01,1886,1,SL5,NL,9,15,25,24,23,2,0,630,183,41,5,46,101,0.22,1.76,,12,0,1,877,1,106,,,
brookha01,1886,1,NY4,AA,0,1,1,1,0,0,0,6,9,8,0,2,0,,36,,0,0,0,23,0,13,,,
brownji01,1886,1,PH4,AA,0,1,1,1,1,0,0,25,9,3,0,3,4,,3.24,,0,0,0,37,0,5,,,
brownto01,1886,1,PT1,AA,0,0,1,0,0,0,0,6,2,2,0,5,1,,9,,0,0,0,21,1,4,,,
buffich01,1886,1,BSN,NL,7,10,18,17,16,0,0,453,203,77,4,39,47,0.3,4.59,,9,0,0,699,1,129,,,
cahiljo01,1886,1,SL5,NL,1,0,2,0,0,0,0,36,11,4,0,3,2,0.26,3,,3,0,0,44,2,5,,,
carutbo01,1886,1,SL4,AA,30,14,44,43,42,2,0,1162,323,100,3,86,166,,2.32,,12,7,0,1581,1,164,,,
caseyda01,1886,1,PHI,NL,24,18,44,44,39,4,0,1107,326,99,8,104,193,0.22,2.41,,25,0,0,1566,1,169,,,
chambel01,1886,1,LS2,AA,0,3,4,4,4,0,0,94,39,23,0,17,18,,6.61,,0,0,0,153,0,43,,,
clarked01,1886,1,PH4,AA,0,1,1,1,1,0,0,24,10,6,2,2,2,,6.75,,0,2,0,38,0,8,,,
clarkjo01,1886,1,CHN,NL,36,17,55,55,50,3,0,1400,419,125,20,86,313,0.22,2.41,,17,0,0,1914,0,248,,,
colemjo01,1886,1,PH4,AA,1,1,3,1,1,0,0,62,18,6,1,5,2,,2.61,,0,1,0,84,2,9,,,
conwadi01,1886,1,BL2,AA,2,7,9,9,8,0,0,230,106,58,6,43,64,,6.81,,0,3,0,386,0,91,,,
conwape01,1886,2,DTN,NL,6,5,11,11,11,0,0,273,93,34,1,25,35,0.25,3.36,,6,0,0,389,0,55,,,
conwape01,1886,1,KCN,NL,5,15,23,20,19,0,0,540,236,115,6,61,81,0.29,5.75,,21,0,0,865,3,185,,,
corcola01,1886,2,WS8,NL,0,1,2,1,1,0,0,42,16,9,0,4,3,0.27,5.79,,0,0,0,63,1,11,,,
corkhpo01,1886,1,CN2,AA,0,0,1,0,0,0,0,2,1,1,0,0,1,,13.5,,0,0,0,8,1,1,,,
craneed01,1886,1,WS8,NL,1,7,10,8,7,1,0,210,91,56,5,53,39,0.31,7.2,,22,0,0,344,2,85,,,
cushmed01,1886,1,NY4,AA,17,20,38,37,37,2,0,977,278,113,6,99,167,,3.12,,19,1,0,1365,1,180,,,
dailyed01,1886,1,PHI,NL,16,9,27,23,22,1,0,654,211,74,7,59,95,0.24,3.06,,16,0,0,932,4,123,,,
dailyhu01,1886,1,WS8,NL,0,6,6,6,6,0,0,147,69,40,2,40,15,0.33,7.35,,7,0,0,248,0,60,,,
devliji02,1886,1,NY1,NL,0,0,1,0,0,0,1,6,3,4,0,4,2,0.25,18,,1,0,0,16,1,5,,,
elybo01,1886,1,LS2,AA,0,4,6,4,4,0,1,132,53,26,0,26,28,,5.32,,0,0,0,215,2,47,,,
ferguch01,1886,1,PHI,NL,30,9,48,45,43,4,2,1187,317,87,11,69,212,0.21,1.98,,11,0,0,1582,2,145,,,
flynnjo02,1886,1,CHN,NL,23,6,32,29,28,2,1,771,207,64,9,63,146,0.21,2.24,,28,0,0,1049,3,127,,,
fogarji01,1886,1,PHI,NL,0,1,1,0,0,0,0,18,7,0,1,0,4,0.25,0,,1,0,0,28,1,6,,,
foutzda01,1886,1,SL4,AA,41,16,59,57,55,11,1,1512,418,118,5,144,283,,2.11,,26,10,0,2091,2,216,,,
foxjo01,1886,1,WS8,NL,0,1,1,1,1,0,0,24,11,8,0,11,3,0.31,9,,3,0,0,46,0,13,,,
fulleed01,1886,1,WS8,NL,0,1,2,1,1,0,0,39,15,10,0,5,3,0.37,6.92,,1,0,0,45,1,12,,,
fulmech02,1886,1,BL2,AA,0,0,1,0,0,0,0,6,2,1,0,1,0,,4.5,,0,0,0,9,0,2,,,
galvipu01,1886,1,PT1,AA,29,21,50,50,49,2,0,1304,457,129,3,75,72,,2.67,,13,7,0,1820,0,229,,,
gessnch01,1886,1,PH4,AA,0,1,1,1,1,0,0,24,13,8,0,5,0,,9,,0,2,0,44,0,14,,,
getzich01,1886,1,DTN,NL,30,11,43,43,42,1,0,1160,388,130,6,85,172,0.25,3.03,,19,0,0,1640,0,203,,,
gilmofr01,1886,1,WS8,NL,4,4,9,9,9,1,0,225,57,21,3,22,75,0.2,2.52,,4,0,1,307,0,35,,,
gravefr01,1886,1,SL5,NL,0,0,1,0,0,0,0,21,10,7,0,1,2,0.32,9,,0,0,0,32,1,10,,,
handiji01,1886,1,PT1,AA,7,7,14,14,12,1,0,342,82,42,1,33,83,,3.32,,0,12,0,465,0,65,,,
harkijo01,1886,1,BR3,AA,15,16,34,33,33,0,0,877,286,117,6,114,118,,3.6,,26,5,0,1292,1,203,,,
hartbi01,1886,1,PH4,AA,9,13,22,22,22,2,0,558,183,66,7,66,78,,3.19,,30,7,0,856,0,144,,,
healyjo01,1886,1,SL5,NL,17,23,43,41,39,3,0,1061,315,113,5,118,213,0.23,2.88,,40,0,1,1487,2,213,,,
heckegu01,1886,1,LS2,AA,26,23,49,48,45,2,0,1262,390,134,6,118,133,,2.87,,17,10,0,1815,1,273,,,
hendeha01,1886,2,BR3,AA,10,4,14,14,14,0,0,372,112,40,2,51,49,,2.9,,0,0,0,533,0,82,,,
hendeha01,1886,1,BL2,AA,3,15,19,19,19,0,0,514,188,88,0,66,88,,4.62,,0,9,0,822,0,147,,,
henryjo01,1886,1,WS8,NL,1,3,4,4,4,0,0,83,35,13,1,15,19,0.28,4.23,,3,0,0,138,0,27,,,
hoffojo01,1886,1,PT1,AA,3,6,9,9,9,0,0,243,88,39,1,40,25,,4.33,,0,2,0,379,0,66,,,
housefr01,1886,1,BL2,AA,0,1,1,1,1,0,0,24,6,3,0,1,5,,3.38,,0,1,0,35,0,3,,,
hudsona01,1886,1,SL4,AA,16,10,29,27,25,0,1,703,224,79,3,62,100,,3.03,,0,2,0,984,2,122,,,
hyndmji01,1886,1,PH4,AA,0,1,1,1,0,0,0,6,5,6,1,5,1,,27,,0,1,0,17,0,10,,,
irwinbi01,1886,1,CN2,AA,0,2,2,2,2,0,0,51,18,11,2,8,6,,5.82,,0,0,0,81,0,19,,,
keefege01,1886,1,WS8,NL,0,3,4,4,4,0,0,94,28,18,0,15,5,0.23,5.17,,5,0,0,135,0,22,,,
keefeti01,1886,1,NY1,NL,42,20,64,64,62,2,0,1605,479,152,9,102,297,0.23,2.56,,40,0,0,2173,0,250,,,
keenaji01,1886,1,CN2,AA,0,1,2,0,0,0,0,24,8,3,0,3,2,,3.38,,0,0,0,34,2,5,,,
kennete01,1886,1,PH4,AA,5,15,20,19,19,0,0,518,196,87,4,65,68,,4.53,,17,8,0,796,1,143,,,
kennete01,1886,2,LS2,AA,0,4,4,4,4,0,0,96,53,19,1,16,14,,5.34,,0,1,0,168,0,43,,,
kilroma01,1886,1,BL2,AA,29,34,68,68,66,5,0,1749,476,218,10,182,513,,3.37,,50,19,0,2469,0,350,,,
kingsi01,1886,1,KCN,NL,1,3,5,5,5,0,0,117,43,21,1,9,23,0.24,4.85,,8,0,0,188,0,35,,,
kirbyjo01,1886,1,SL5,NL,11,26,41,41,38,1,0,975,329,119,9,134,129,0.25,3.3,,43,0,1,1438,0,222,,,
knoufed01,1886,1,BL2,AA,0,1,1,1,1,0,0,27,2,2,0,5,8,,2,,0,3,0,38,0,5,,,
lilliji01,1886,1,KCN,NL,0,0,1,0,0,0,0,18,8,3,0,1,0,0.34,4.5,,0,0,0,24,1,5,,,
lynchja01,1886,1,NY4,AA,20,30,51,50,50,1,0,1298,485,190,10,116,193,,3.95,,39,12,0,1918,1,307,,,
maculji01,1886,1,BL2,AA,0,0,1,0,0,0,0,6,4,2,0,0,1,,9,,0,0,0,10,1,3,,,
madigto01,1886,1,WS8,NL,1,13,14,14,13,0,0,347,159,65,3,44,29,0.32,5.06,,9,0,0,541,0,113,,,
mathebo01,1886,1,PH4,AA,13,9,24,24,22,0,0,593,226,87,3,53,93,,3.96,,20,13,0,913,0,148,,,
maysal01,1886,1,NY4,AA,11,28,41,41,39,1,0,1050,330,132,7,140,163,,3.39,,39,14,0,1528,0,231,,,
mccarto01,1886,1,PHI,NL,0,0,1,0,0,0,0,3,0,0,0,1,1,0,0,,0,0,0,4,1,0,,,
mccorji01,1886,1,CHN,NL,31,11,42,42,38,2,0,1043,341,109,18,100,172,0.25,2.82,,7,0,0,1449,0,165,,,
mcginju01,1886,2,BL2,AA,11,13,26,25,24,0,0,628,235,81,6,48,70,,3.48,,0,14,0,902,1,141,,,
mcginju01,1886,1,SL4,AA,5,5,10,10,10,1,0,263,107,37,2,27,30,,3.8,,0,7,0,406,0,75,,,
mckeola01,1886,1,CN2,AA,8,8,19,19,16,0,0,468,174,88,6,54,46,,5.08,,16,3,0,687,0,118,,,
mckeola01,1886,2,KCN,NL,0,2,3,3,3,0,0,63,44,25,0,8,3,0.41,10.71,,2,0,0,115,0,32,,,
millecy01,1886,1,PH4,AA,10,8,19,19,19,1,0,509,158,56,6,59,99,,2.97,,34,4,0,725,0,109,,,
morried01,1886,1,PT1,AA,41,20,64,63,63,12,1,1666,455,151,5,118,326,,2.45,,28,7,0,2252,1,244,,,
morrijo01,1886,1,BSN,NL,0,0,1,0,0,0,0,12,5,0,0,0,2,0.31,0,,1,0,0,16,1,1,,,
mountfr01,1886,1,PT1,AA,0,2,2,2,2,0,0,48,22,14,0,14,2,,7.88,,2,5,0,88,0,21,,,
mullato01,1886,1,CN2,AA,33,27,63,56,55,1,0,1589,501,218,11,166,250,,3.7,,51,18,0,2258,7,315,,,
murphjo02,1886,3,SL4,AA,1,0,1,1,1,0,0,21,5,3,0,3,3,,3.86,,1,0,0,31,0,4,,,
murphjo02,1886,1,CN2,AA,2,3,5,5,5,0,0,138,50,25,0,21,11,,4.89,,7,1,0,217,0,34,,,
murphjo02,1886,2,SL5,NL,0,4,4,4,3,0,0,99,45,30,3,16,11,0.31,8.18,,10,0,0,157,0,41,,,
nealejo01,1886,1,LS2,AA,0,1,1,1,0,0,0,21,11,6,0,7,0,,7.71,,0,1,0,36,0,12,,,
oconnpa01,1886,1,BL2,AA,0,0,1,0,0,0,0,9,4,2,0,2,1,,6,,0,0,0,14,1,3,,,
odayha01,1886,1,WS8,NL,2,2,6,6,6,0,0,147,41,9,1,17,47,0.21,1.65,,3,0,0,204,0,17,,,
parsoch01,1886,1,BSN,NL,0,2,2,2,2,0,0,48,20,7,0,4,5,0.3,3.94,,0,0,0,69,0,13,,,
pechige01,1886,1,CN2,AA,15,21,40,40,35,2,0,991,355,152,4,133,110,,4.14,,15,14,0,1482,0,230,,,
pinknge01,1886,1,BR3,AA,0,0,1,0,0,0,0,6,2,1,0,0,0,,4.5,,0,0,0,5,1,1,,,
portehe01,1886,1,BR3,AA,27,19,48,48,48,1,0,1272,439,161,8,120,163,,3.42,,20,5,0,1864,0,277,,,
powelab01,1886,2,CN2,AA,0,1,4,1,1,0,0,46,16,8,0,9,4,,4.7,,0,0,0,68,1,13,,,
powelab01,1886,1,BL2,AA,2,5,7,7,7,0,0,180,66,34,2,26,15,,5.1,,0,1,0,277,0,51,,,
purcebl01,1886,1,BL2,AA,0,0,1,0,0,0,0,3,1,1,0,0,0,,9,,0,0,0,5,0,1,,,
radboch01,1886,1,BSN,NL,27,31,58,58,57,3,0,1528,521,170,18,111,218,0.25,3,,22,0,0,2162,0,300,,,
ramseto01,1886,1,LS2,AA,38,27,67,67,66,3,0,1766,447,160,3,207,499,,2.45,,35,12,0,2477,0,297,,,
reardje02,1886,1,SL5,NL,0,1,1,1,1,0,0,24,10,6,1,5,0,0.32,6.75,,0,0,0,36,0,8,,,
reardje02,1886,2,CN2,AA,0,1,1,1,0,0,0,6,5,4,0,4,0,,18,,0,0,0,14,0,4,,,
recciph01,1886,1,LS2,AA,0,1,1,1,0,0,0,9,7,3,0,3,0,,9,,0,0,0,18,0,6,,,
richada01,1886,1,NY1,NL,0,2,5,1,1,0,0,75,33,16,1,11,17,0.32,5.76,,3,0,0,114,4,24,,,
richaha01,1886,1,DTN,NL,3,0,4,0,0,0,0,36,11,6,1,10,5,0.2,4.5,,2,0,0,63,4,8,,,
richmle01,1886,1,CN2,AA,0,2,3,2,1,0,0,54,24,16,0,11,6,,8,,0,2,0,91,1,22,,,
robinya01,1886,1,SL4,AA,0,1,1,1,1,0,0,27,10,3,0,7,1,,3,,0,0,0,42,0,11,,,
rosemch01,1886,1,NY4,AA,0,0,1,0,0,0,0,21,6,4,0,0,0,,5.14,,0,0,0,25,1,6,,,
ryanji01,1886,1,CHN,NL,0,0,5,0,0,0,1,70,19,12,2,13,15,0.25,4.63,,1,0,0,87,5,13,,,
scottmi01,1886,1,BL2,AA,0,0,1,0,0,0,0,9,2,1,0,2,0,,3,,0,1,0,19,1,2,,,
seeryem01,1886,1,SL5,NL,0,0,2,0,0,0,0,21,8,6,1,3,2,0.32,7.71,,0,0,0,28,2,7,,,
shaffjo01,1886,1,NY4,AA,5,3,8,8,8,1,0,207,40,15,0,29,36,,1.96,,7,4,0,277,0,29,,,
shawdu01,1886,1,WS8,NL,13,31,45,44,43,1,0,1157,384,143,12,91,177,0.25,3.34,,18,0,0,1630,1,224,,,
smithbi03,1886,1,DTN,NL,5,4,9,9,9,0,0,231,81,35,0,30,36,0.25,4.09,,9,0,0,343,0,47,,,
smithel01,1886,1,CN2,AA,4,4,9,9,8,0,0,218,57,30,1,44,40,,3.72,,0,3,0,362,0,62,,,
smithph01,1886,1,DTN,NL,1,1,3,3,3,0,0,75,16,6,0,8,15,0.17,2.16,,2,0,0,100,0,9,,,
smithre01,1886,1,CN2,AA,0,1,1,1,1,0,0,27,8,4,0,10,1,,4,,0,0,0,0,1,4,,,
smithre01,1886,2,PH4,AA,0,1,1,1,1,0,0,27,15,7,0,5,4,,7,,4,0,0,44,0,13,,,
sommejo01,1886,1,BL2,AA,0,0,1,0,0,0,0,12,14,8,0,3,1,,18,,0,0,0,30,1,12,,,
stemmbi01,1886,1,BSN,NL,22,18,41,41,41,0,0,1046,300,117,11,144,239,0.21,3.02,,63,0,0,1520,0,218,,,
stephcl01,1886,1,CN2,AA,1,0,1,1,1,0,0,24,9,5,0,5,6,,5.63,,3,1,0,39,0,8,,,
stoveha01,1886,1,PH4,AA,0,0,1,0,0,0,0,1,2,1,0,0,0,,27,,0,0,0,3,0,2,,,
straujo02,1886,1,LS2,AA,0,0,2,0,0,0,1,12,6,2,0,3,0,,4.5,,0,0,0,29,2,4,,,
strikjo01,1886,1,PHI,NL,1,1,2,2,1,0,0,45,19,8,1,7,11,0.31,4.8,,2,0,0,68,0,10,,,
sullito01,1886,1,LS2,AA,2,7,9,9,8,0,0,225,94,33,6,33,27,,3.96,,11,2,0,343,0,70,,,
sweench01,1886,1,SL5,NL,5,6,11,11,11,0,0,279,108,43,9,39,28,0.28,4.16,,10,0,0,418,0,75,,,
taylobi01,1886,1,BL2,AA,1,6,8,8,8,0,0,217,87,46,1,20,37,,5.72,,0,2,0,328,0,63,,,
terryad01,1886,1,BR3,AA,18,16,34,34,32,5,0,865,263,99,1,115,162,,3.09,,32,16,0,1269,0,177,,,
titcoca01,1886,1,PHI,NL,0,5,5,5,5,0,0,123,43,17,1,24,24,0.24,3.73,,5,0,0,200,0,45,,,
toolest01,1886,1,BR3,AA,6,6,13,12,11,0,0,312,100,51,0,64,48,,4.41,,0,8,0,479,1,92,,,
twitcla01,1886,1,DTN,NL,0,2,4,4,2,0,0,75,35,18,1,12,6,0.34,6.48,,2,0,0,113,0,22,,,
weavesa01,1886,1,PH4,AA,0,2,2,2,1,0,0,33,30,18,0,2,2,,14.73,,0,1,0,74,0,29,,,
welchmi01,1886,1,NY1,NL,33,22,59,59,56,1,0,1500,514,166,13,163,272,0.25,2.99,,51,0,0,2151,0,279,,,
whitebi02,1886,1,LS2,AA,0,0,1,0,0,0,0,3,2,1,0,2,1,,9,,0,0,0,7,1,2,,,
whitewi01,1886,1,CN2,AA,1,2,3,3,3,0,0,78,28,12,1,10,6,,4.15,,2,6,0,116,0,23,,,
whitnar01,1886,1,PT1,AA,0,0,1,0,0,0,0,18,7,2,0,3,2,,3,,0,0,0,26,1,4,,,
whitnji01,1886,1,KCN,NL,12,32,46,44,42,3,0,1179,465,196,9,55,167,0.28,4.49,,29,0,0,1691,2,292,,,
wiedmst01,1886,1,KCN,NL,12,36,51,51,48,1,0,1283,549,214,11,112,168,0.3,4.5,,35,0,0,1924,0,323,,,
willine01,1886,1,CHN,NL,0,0,2,0,0,0,1,9,2,0,0,0,1,0.14,0,,0,0,0,14,2,2,,,
winkege01,1886,1,WS8,NL,0,1,1,1,0,0,0,18,12,7,0,5,4,0.4,10.5,,5,0,0,35,0,11,,,
wisebi01,1886,1,WS8,NL,0,1,1,1,0,0,0,9,6,3,0,2,0,0.4,9,,0,0,0,17,0,6,,,
wolfji01,1886,1,LS2,AA,0,0,1,0,0,0,0,9,7,5,0,0,0,,15,,0,0,0,20,1,8,,,
yingljo01,1886,1,WS8,NL,0,0,1,0,0,0,0,9,7,4,0,1,1,0.41,12,,0,0,0,18,1,6,,,
zay01,1886,1,BL2,AA,0,1,1,1,0,0,0,6,4,2,0,4,2,,9,,0,0,0,16,0,4,,,
allenmy01,1887,1,CL3,AA,1,0,2,0,0,0,0,29,9,1,0,3,1,,0.93,,0,1,0,41,1,4,,,
atkinal01,1887,1,PH4,AA,6,8,15,15,11,0,0,374,156,82,2,54,34,,5.92,,0,6,0,594,2,121,,,
baldwla01,1887,1,DTN,NL,13,10,24,24,24,1,0,633,225,90,8,61,60,0.26,3.84,,7,5,0,901,0,136,,,
baldwma01,1887,1,CHN,NL,18,17,40,39,35,1,1,1002,329,126,23,122,164,0.24,3.4,,41,17,0,1465,2,218,,,
beatied01,1887,1,DTN,NL,1,1,2,2,2,0,0,54,13,8,2,8,6,0.2,4,,1,1,0,73,0,11,,,
bierblo01,1887,1,PH4,AA,0,0,1,0,0,0,1,3,0,0,0,0,1,,0,,0,0,0,3,1,0,,,
bishobi01,1887,1,PIT,NL,0,3,3,3,3,0,0,81,45,40,2,22,4,0.35,13.33,,4,2,0,151,0,46,,,
boylehe01,1887,1,IN3,NL,13,24,38,38,37,0,0,984,356,133,11,69,85,0.26,3.65,,13,12,0,1424,0,204,,,
buffich01,1887,1,PHI,NL,21,17,40,38,35,1,0,997,352,135,16,92,160,0.26,3.66,,25,4,0,1431,1,224,,,
burkebi01,1887,1,DTN,NL,0,1,2,2,1,0,0,45,26,10,0,5,3,0.31,6,,1,2,0,73,0,14,,,
burnsoy01,1887,1,BL2,AA,1,0,3,0,0,0,0,34,16,12,0,4,2,,9.53,,0,3,0,62,2,16,,,
cahiljo01,1887,1,IN3,NL,0,2,6,1,1,0,0,66,40,35,2,19,5,0.43,14.32,,4,2,0,114,5,38,,,
carutbo01,1887,1,SL4,AA,29,9,39,39,39,2,0,1023,337,125,6,61,74,,3.3,,0,16,0,1442,0,185,,,
caseybi01,1887,1,PH4,AA,0,0,1,0,0,0,0,3,4,2,0,1,0,,18,,0,0,0,7,1,3,,,
caseyda01,1887,1,PHI,NL,28,13,45,45,43,4,0,1171,377,124,15,115,119,0.24,2.86,,16,14,0,1660,0,199,,,
chambel01,1887,1,LS2,AA,18,16,36,36,35,1,0,927,340,130,8,117,118,,3.79,,0,14,0,1374,0,226,,,
chapmfr01,1887,1,PH4,AA,0,0,1,1,1,0,0,15,8,4,0,2,4,,7.2,,0,0,0,24,0,6,,,
clarkjo01,1887,1,CHN,NL,38,21,60,59,56,2,0,1569,513,179,20,92,237,0.24,3.08,,25,8,0,2183,1,283,,,
conwadi01,1887,1,BSN,NL,9,15,26,26,25,0,0,667,249,115,10,86,45,0.27,4.66,,17,7,0,996,0,161,,,
conwape01,1887,1,DTN,NL,8,9,17,17,16,0,0,438,132,47,3,47,40,0.23,2.9,,11,5,0,613,0,95,,,
corcola01,1887,1,IN3,NL,0,2,2,2,1,0,0,45,23,21,3,19,4,0.33,12.6,,0,2,0,89,0,31,,,
corkhpo01,1887,1,CN2,AA,1,0,5,0,0,0,0,44,22,9,0,5,3,,5.52,,0,0,0,73,4,15,,,
crowebi01,1887,1,CL3,AA,14,31,45,45,45,1,0,1168,541,211,9,138,72,,4.88,,0,20,0,1812,0,350,,,
cunnibe01,1887,1,BR3,AA,0,2,3,3,3,0,0,69,26,13,0,13,8,,5.09,,0,4,0,116,0,22,,,
cushmed01,1887,1,NY4,AA,10,15,26,26,25,0,0,660,310,146,9,83,64,,5.97,,0,9,0,1047,0,232,,,
dailyed01,1887,1,PHI,NL,0,4,6,5,4,0,0,124,52,33,2,25,7,0.28,7.19,,4,0,0,205,1,52,,,
dailyed01,1887,2,WS8,NL,0,1,1,1,1,0,0,21,5,6,0,6,3,0.2,7.71,,1,0,0,30,0,6,,,
dailyhu01,1887,1,CL3,AA,4,12,16,16,16,0,0,419,181,57,1,44,30,,3.67,,0,3,0,629,0,108,,,
devliji02,1887,1,PHI,NL,0,2,2,2,2,0,0,54,20,12,0,10,6,0.26,6,,1,3,0,88,0,19,,,
dunlafr01,1887,1,DTN,NL,0,0,1,0,0,0,0,6,4,1,0,0,1,0.5,4.5,,0,0,0,8,1,2,,,
faganbi01,1887,1,NY4,AA,1,4,6,6,6,0,0,135,55,20,1,24,12,,4,,0,2,0,206,0,34,,,
fast01,1887,1,IN3,NL,0,1,4,2,1,0,1,47,25,18,1,8,0,0.34,10.34,,4,2,0,82,1,22,,,
ferguch01,1887,1,PHI,NL,22,10,37,33,31,2,1,892,297,99,13,47,125,0.25,3,,5,11,0,1227,4,154,,,
fieldjo01,1887,1,PIT,NL,0,0,1,0,0,0,0,3,0,0,0,2,0,0,0,,1,0,0,7,0,3,,,
fogarji01,1887,1,PHI,NL,0,0,1,0,0,0,0,9,3,3,0,1,0,0.2,9,,1,0,0,16,1,4,,,
foutzda01,1887,1,SL4,AA,25,12,40,38,36,1,0,1018,369,146,7,90,94,,3.87,,0,10,0,1533,2,244,,,
galvipu01,1887,1,PIT,NL,28,21,49,48,47,2,0,1322,490,161,12,67,76,0.26,3.29,,7,11,0,1897,2,259,,,
gardnbi01,1887,1,BL2,AA,0,1,3,2,1,0,0,39,23,16,0,10,3,,11.08,,0,1,0,65,1,20,,,
geissem01,1887,1,CHN,NL,0,1,1,1,1,0,0,27,17,8,0,3,4,0.39,8,,0,0,0,46,0,11,,,
georgbi01,1887,1,NY1,NL,3,9,13,13,11,0,0,324,126,63,1,89,49,0.29,5.25,,22,14,0,535,0,112,,,
getzich01,1887,1,DTN,NL,29,13,43,42,41,2,0,1100,373,152,24,106,135,0.25,3.73,,18,2,0,1578,1,217,,,
gilksbo01,1887,1,CL3,AA,7,5,13,13,12,1,0,324,104,37,1,42,28,,3.08,,0,9,0,475,0,66,,,
gilmofr01,1887,1,WS8,NL,7,20,28,27,27,1,0,704,247,101,7,92,114,0.26,3.87,,14,13,0,1047,1,172,,,